rank,status,name,team,games played,goals,assists,points,plus/minus,penalty minutes,power play goals,power play assists,short handed goals,shots,short handed assists,game winning goals,first goals,insurance goals,overtime goals,unassisted goals,empty net,shooting percentage,shootout goals,shots in shootouts,shootout winning goals,shootout percentage,season,jersey number,position,shoots,date of birth,hometown,hometown location,home country,age
1,,Natalie Spooner,TOR,24,20,7,27,11,4,7,0,1,101,0,5,5,4,0,2,1,19.8,2,3,1,66.7,1,24,forward,right,1990-10-17,Scarborough,ON,CAN,34
2,,Sarah Nurse,TOR,24,11,12,23,6,14,1,7,0,67,0,2,2,0,2,1,0,16.4,0,1,0,0.0,1,20,forward,left,1995-01-04,Hamilton,ON,CAN,30
3,,Marie-Philip Poulin,MTL,21,10,13,23,8,14,1,4,0,69,0,2,1,1,0,2,1,14.5,1,6,0,16.7,1,29,forward,left,1991-03-28,Beauceville,QC,CAN,34
4,,Alex Carpenter,NY,24,8,15,23,-8,0,3,7,1,89,0,2,1,1,2,0,0,9.0,1,3,0,33.3,1,25,forward,left,1994-04-13,North Reading,MA,USA,30
5,,Ella Shelton,NY,24,7,14,21,-6,12,2,8,0,60,0,1,1,0,0,1,0,11.7,0,0,0,0.0,1,17,defense,left,1998-01-19,Ingersoll,ON,CAN,27
6,,Brianne Jenner,OTT,24,9,11,20,1,4,2,5,0,78,0,2,2,3,0,2,1,11.5,0,3,0,0.0,1,19,forward,right,1991-05-04,Oakville,ON,CAN,33
7,rookie,Grace Zumwinkle,MIN,24,11,8,19,6,4,2,0,2,98,0,4,1,1,0,0,1,11.2,3,3,1,100.0,1,13,forward,right,1999-04-23,Excelsior,MN,USA,25
8,rookie,Emma Maltais,TOR,24,4,15,19,7,16,0,2,2,44,0,1,1,0,0,1,2,9.1,0,1,0,0.0,1,27,forward,left,1999-11-04,Burlington,ON,CAN,25
9,,Laura Stacey,MTL,23,10,8,18,4,2,3,4,0,96,0,2,3,1,1,0,0,10.4,0,3,0,0.0,1,7,forward,right,1994-05-05,Kleinburg,ON,CAN,30
10,,Kateřina Mrázová,OTT,23,6,12,18,-2,16,3,3,0,30,0,0,1,0,0,0,0,20.0,3,3,1,100.0,1,16,forward,left,1992-10-19,Kolín,CZE,CZE,32
11,,Erin Ambrose,MTL,24,4,14,18,5,4,1,6,0,47,0,0,2,1,0,0,0,8.5,1,2,0,50.0,1,23,defense,right,1994-04-30,Keswick,ON,CAN,30
12,,Daryl Watts,OTT,24,10,7,17,-2,8,1,4,0,73,0,2,2,2,0,0,1,13.7,0,2,0,0.0,1,9,forward,left,1999-05-15,Toronto,ON,CAN,25
13,,Kendall Coyne Schofield,MIN,24,6,10,16,12,6,0,0,0,79,0,1,1,1,0,0,0,7.6,0,0,0,0.0,1,26,forward,left,1992-05-25,Palos Heights,IL,USA,32
14,rookie,Alina Müller,BOS,24,5,11,16,7,6,2,1,0,56,0,0,1,0,0,0,0,8.9,0,1,0,0.0,1,11,forward,left,1998-03-12,Winterthur,SWI,SWI,27
15,rookie,Maureen Murphy,MTL,24,5,11,16,3,4,0,1,0,57,0,1,0,1,1,0,1,8.8,0,1,0,0.0,1,21,forward,right,1999-12-15,Buffalo,NY,USA,25
16,,Kelly Pannek,MIN,24,4,12,16,11,2,0,2,0,50,2,1,2,0,0,0,0,8.0,0,1,0,0.0,1,12,forward,right,1995-12-29,Plymouth,MN,USA,29
17,,Emily Clark,OTT,24,4,11,15,2,10,1,2,0,74,1,0,1,0,0,1,1,5.4,0,1,0,0.0,1,26,forward,left,1995-11-28,Saskatoon,SK,CAN,29
18,,Megan Keller,BOS,24,4,11,15,9,12,1,2,0,53,1,0,0,0,0,1,0,7.5,0,0,0,0.0,1,5,defense,left,1996-05-01,Farmington,MI,USA,28
19,,Hannah Miller,TOR,23,7,7,14,6,8,1,3,0,39,0,2,3,1,0,0,0,17.9,1,2,0,50.0,1,34,forward,left,1996-02-16,North Vancouver,BC,CAN,29
20,,Jessie Eldridge,NY,24,7,7,14,-9,10,3,4,0,82,0,1,1,0,0,0,0,8.5,0,0,0,0.0,1,9,forward,right,1997-12-17,Barrie,ON,CAN,27
21,,Jade Downie-Landry,NY,24,8,5,13,-9,18,3,2,0,49,0,1,2,2,0,3,1,16.3,0,0,0,0.0,1,27,forward,left,1995-10-03,"Saint-Jean-sur-Richelieu,",,,29
22,,Abby Roque,NY,24,6,7,13,-15,31,3,5,0,41,1,0,1,0,0,0,0,14.6,1,2,1,50.0,1,11,forward,right,1997-09-25,Sault Ste. Marie,MI,USA,27
23,,Jaime Bourbonnais,NY,24,5,8,13,-12,12,3,3,0,58,1,1,1,0,0,0,0,8.6,0,0,0,0.0,1,14,defense,right,1998-09-09,Mississauga,ON,CAN,26
24,rookie,Taylor Heise,MIN,19,4,9,13,5,8,0,1,0,52,0,1,2,0,0,2,1,7.7,2,2,1,100.0,1,27,forward,right,2000-03-17,Lake City,MN,USA,25
25,,Susanna Tapani,BOS,26,4,9,13,15,8,1,1,0,56,0,3,0,0,1,0,0,7.1,0,0,0,0.0,1,77,forward,left,1993-03-02,Turku,FIN,FIN,32
26,,Renata Fast,TOR,24,3,10,13,0,12,1,4,0,49,0,1,0,0,0,1,0,6.1,0,0,0,0.0,1,14,defense,right,1994-10-06,Burlington,ON,CAN,30
27,rookie,Gabbie Hughes,OTT,24,9,3,12,1,20,2,0,1,61,0,3,0,1,0,0,1,14.8,0,0,0,0.0,1,17,forward,left,1999-10-04,Lino Lakes,MN,USA,25
28,,Savannah Harmon,OTT,24,3,9,12,-2,8,1,3,0,49,0,0,2,0,0,1,0,6.1,0,1,0,0.0,1,15,defense,left,1995-10-27,Downers Grove,IL,USA,29
29,,Tereza Vanišová,OTT,23,2,10,12,-2,37,1,2,0,42,0,1,1,0,0,0,0,4.8,0,2,0,0.0,1,13,forward,left,1996-01-30,Strakonice,CZE,CZE,29
30,rookie,Lexie Adzija,BOS,24,6,5,11,-1,6,2,1,1,30,0,1,0,2,0,0,2,20.0,0,0,0,0.0,1,88,forward,left,2000-06-30,St. Thomas,ON,CAN,24
31,,Hilary Knight,BOS,24,6,5,11,8,6,0,0,0,84,0,1,3,1,1,1,0,7.1,1,3,1,33.3,1,21,forward,right,1989-07-12,Sun Valley,ID,USA,35
32,,Jamie Lee Rattray,BOS,24,3,8,11,0,8,0,1,0,65,0,0,0,0,0,1,0,4.6,0,2,0,0.0,1,47,forward,left,1992-09-30,Kanata,ON,CAN,32
33,,Hannah Brandt,BOS,24,5,5,10,-4,4,0,0,1,39,0,2,1,0,1,0,0,12.8,2,3,0,66.7,1,20,forward,right,1993-11-27,Vadnais Heights,MN,USA,31
34,,Hayley Scamurra,OTT,24,5,5,10,2,2,3,1,0,91,0,0,1,0,0,1,0,5.5,1,2,0,50.0,1,16,forward,left,1994-12-14,Buffalo,NY,USA,30
35,rookie,Sophie Jaques,MIN,22,2,8,10,-1,4,0,3,0,68,0,0,0,0,0,0,0,2.9,0,0,0,0.0,1,16,defense,right,2000-10-16,Toronto,ON,CAN,24
36,,Jocelyne Larocque,TOR,23,1,9,10,8,6,0,1,0,42,1,0,0,0,0,0,0,2.4,0,0,0,0.0,1,23,defense,left,1988-05-19,Ste. Anne,MB,CAN,36
37,rookie,Claire Dalton,MTL,20,5,4,9,3,0,1,0,1,22,0,1,1,1,0,0,0,22.7,0,0,0,0.0,1,42,forward,right,2000-03-20,Toronto,ON,CAN,25
38,,Kristin O'Neill,MTL,23,4,5,9,-1,8,3,2,0,44,0,1,1,0,0,0,0,9.1,0,0,0,0.0,1,43,forward,left,1998-03-30,Oakville,ON,CAN,27
39,,Blayre Turnbull,TOR,24,3,6,9,4,16,0,0,0,63,1,0,2,1,0,0,0,4.8,0,0,0,0.0,1,40,forward,right,1993-07-15,Stellarton,NS,CAN,31
40,,Rebecca Leslie,TOR,24,2,7,9,2,12,0,1,0,36,0,0,0,1,0,0,0,5.6,0,0,0,0.0,1,37,forward,right,1996-05-08,Ottawa,ON,CAN,28
41,,Amanda Boulier,MTL,23,1,8,9,1,2,0,3,0,28,0,0,1,0,0,0,0,3.6,0,0,0,0.0,1,44,defense,right,1993-03-30,Watertown,CT,USA,32
42,,Michela Cava,MIN,24,5,3,8,3,4,0,1,0,43,0,0,2,1,0,0,0,11.6,0,1,0,0.0,1,86,forward,right,1994-03-26,Thunder Bay,ON,CAN,31
44,,Aneta Tejralová,OTT,23,2,6,8,-5,8,1,2,0,20,0,1,1,0,0,0,0,10.0,0,0,0,0.0,1,2,defense,left,1996-01-04,Prague,CZE,CZE,29
45,,Lee Stecklein,MIN,24,2,6,8,0,16,0,1,0,35,0,0,1,0,0,0,0,5.7,0,0,0,0.0,1,2,defense,left,1994-04-23,Roseville,MN,USA,30
46,rookie,Chloe Aurard,NY,21,1,7,8,-7,2,0,2,0,19,0,0,0,0,0,1,0,5.3,0,0,0,0.0,1,12,forward,left,1999-03-15,Villard-de-Lans,FRA,FRA,26
47,,Loren Gabel,BOS,17,4,3,7,-1,2,0,0,0,46,0,1,1,0,0,0,0,8.7,0,0,0,0.0,1,36,forward,left,1997-07-24,Kitchener,ON,CAN,27
48,rookie,Ashton Bell,OTT,24,2,5,7,3,2,0,1,0,36,1,0,0,0,0,0,0,5.6,0,0,0,0.0,1,21,defense,right,1999-12-07,Deloraine,MB,CAN,25
49,,Taylor Girard,BOS,23,4,2,6,-7,4,0,0,1,30,1,0,0,0,0,1,0,13.3,0,0,0,0.0,1,71,forward,left,1998-07-17,Macomb,MI,USA,26
50,rookie,Theresa Schafzahl,BOS,20,3,3,6,5,0,0,0,0,23,0,2,1,0,0,0,0,13.0,0,0,0,0.0,1,37,forward,left,2000-04-12,Weiz,AUT,AUT,24
51,rookie,Maggie Connors,TOR,24,3,3,6,2,6,0,0,0,35,0,0,0,1,0,0,1,8.6,0,1,0,0.0,1,22,forward,left,2000-10-22,St. John's,NL,CAN,24
52,,Kali Flanagan,TOR,24,3,3,6,7,2,1,0,0,29,1,2,0,0,0,0,0,10.3,0,0,0,0.0,1,6,defense,right,1995-09-19,Burlington,MA,USA,29
53,,Denisa Křížová,MIN,24,3,3,6,0,8,0,0,0,50,0,0,0,0,0,0,0,6.0,1,2,0,50.0,1,41,forward,left,1994-11-03,Horní Cerekev,CZE,CZE,30
54,,Catherine Dubois,MTL,21,2,4,6,-4,12,1,1,0,22,0,1,0,0,0,0,0,9.1,0,0,0,0.0,1,28,forward,left,1995-07-29,Charlesbourg,QC,CAN,29
55,rookie,Gabrielle David,MTL,23,2,4,6,4,4,0,0,0,20,0,0,1,0,0,0,0,10.0,0,0,0,0.0,1,8,forward,right,1999-06-22,Drummondville,QC,CAN,25
56,rookie,Natalie Buchbinder,MIN,24,2,4,6,6,0,0,0,0,28,0,0,0,0,0,0,0,7.1,0,0,0,0.0,1,22,defense,right,1999-01-22,Fairport,NY,USA,26
57,,Natalie Snodgrass,OTT,23,1,5,6,-3,10,0,1,0,30,0,0,0,0,0,0,0,3.3,0,1,0,0.0,1,8,forward,left,1998-12-17,Eagan,MN,USA,26
58,rookie,Maggie Flaherty,MIN,24,1,5,6,4,14,0,2,0,33,0,1,0,0,0,0,0,3.0,0,0,0,0.0,1,19,defense,left,2000-06-02,Lakeville,MN,USA,24
59,,Allie Munroe,TOR,24,1,5,6,1,12,0,0,0,17,1,0,1,0,0,0,0,5.9,0,0,0,0.0,1,12,defense,left,1997-04-20,Yarmouth,NS,CAN,27
60,,Kati Tabin,MTL,24,1,5,6,6,14,0,1,0,50,1,0,1,0,0,0,0,2.0,0,0,0,0.0,1,9,defense,left,1997-04-21,Winnipeg,MB,CAN,27
61,rookie,Abby Boreen,MIN,9,4,1,5,2,4,2,0,0,27,0,1,1,1,1,0,0,14.8,0,1,0,0.0,1,24,forward,right,2000-04-03,Somerset,WI,USA,25
63,,Sophie Shirley,BOS,20,3,2,5,-4,6,0,0,0,25,0,0,0,0,0,0,0,12.0,0,0,0,0.0,1,9,forward,right,1999-06-30,Saskatoon,SK,CAN,25
64,,Mikyla Grant-Mentis,MTL,13,2,3,5,0,4,2,1,0,21,0,0,0,0,0,0,0,9.5,0,0,0,0.0,1,18,forward,left,1998-07-15,Brampton,ON,CAN,26
66,,Victoria Bach,TOR,16,2,3,5,3,2,0,1,0,25,0,0,0,1,0,2,2,8.0,0,1,0,0.0,1,12,forward,left,1996-07-12,Milton,ON,CAN,28
67,,Emma Woods,NY,24,2,3,5,-7,8,0,0,0,30,0,1,1,0,1,0,0,6.7,0,1,0,0.0,1,67,forward,right,1995-12-18,Burford,ON,CAN,29
68,rookie,Jesse Compher,TOR,24,1,4,5,-1,23,0,0,0,31,1,1,1,0,0,0,0,3.2,0,0,0,0.0,1,18,forward,right,1999-07-01,Northbrook,IL,USA,25
69,rookie,Brooke Hobson,NY,24,1,4,5,-6,14,1,0,0,19,1,0,0,0,0,0,0,5.3,0,0,0,0.0,1,6,defense,left,1999-05-27,Prince Albert,SK,CAN,25
71,,Jincy Roese,OTT,24,0,5,5,-10,14,0,2,0,30,0,0,0,0,0,0,0,0.0,0,1,0,0.0,1,71,defense,left,1997-05-15,O'Fallon,MO,USA,27
73,,Elizabeth Giguère,NY,24,3,1,4,-15,6,1,1,0,42,0,1,0,0,0,0,0,7.1,0,2,0,0.0,1,18,forward,right,1997-05-08,Quebec City,QC,CAN,27
75,,Emily Brown,BOS,24,1,3,4,3,12,0,0,0,20,0,0,1,0,0,0,0,5.0,0,0,0,0.0,1,2,defense,left,1998-12-30,Blaine,MN,USA,26
76,,Jillian Dempsey,MTL,24,1,3,4,1,2,0,0,0,14,0,0,1,0,0,0,0,7.1,0,0,0,0.0,1,14,forward,left,1991-01-19,Winthrop,MA,USA,34
78,,Sidney Morin,BOS,24,1,3,4,-2,2,1,1,0,69,0,0,1,0,0,0,0,1.4,0,0,0,0.0,1,7,defense,right,1995-06-06,Minnetonka,MN,USA,29
79,,Kayla Vespa,NY,23,2,1,3,-1,4,0,0,0,19,0,0,0,0,0,0,0,10.5,0,0,0,0.0,1,81,forward,left,1997-04-01,Hamilton,ON,CAN,28
83,rookie,Claire Butorac,MIN,21,1,2,3,-1,2,0,0,0,12,0,0,0,1,0,0,0,8.3,0,0,0,0.0,1,7,forward,right,1999-09-24,Andover,MN,USA,25
85,,Alexandra Labelle,NY,24,1,2,3,-2,4,0,0,1,23,0,0,0,0,0,0,0,4.3,0,0,0,0.0,1,13,forward,left,1996-02-27,"Saint-Louis-de-Gonzague,",,,29
86,rookie,Zoe Boyd,OTT,16,0,3,3,-3,2,0,1,0,11,1,0,0,0,0,0,0,0.0,0,0,0,0.0,1,3,defense,left,2000-08-09,Caledon East,ON,CAN,24
87,,Liz Schepers,MIN,19,0,3,3,0,8,0,0,0,28,0,0,0,0,0,0,0,0.0,0,0,0,0.0,1,21,forward,left,1999-02-13,Mound,MN,USA,26
88,,Micah Zandee-Hart,NY,19,0,3,3,-18,10,0,3,0,29,0,0,0,0,0,0,0,0.0,0,0,0,0.0,1,28,defense,left,1997-01-13,Saanichton,BC,CAN,28
90,rookie,Paetyn Levis,NY,23,0,3,3,-3,4,0,0,0,32,0,0,0,0,0,0,0,0.0,0,0,0,0.0,1,19,forward,right,1999-11-06,Rogers,MN,USA,25
91,,Jessica Digirolamo,BOS,24,0,3,3,-7,8,0,1,0,25,0,0,0,0,0,0,0,0.0,0,0,0,0.0,1,22,defense,left,1999-02-13,Mississauga,ON,CAN,26
92,rookie,Mariah Keopple,MTL,24,0,3,3,2,12,0,1,0,21,0,0,0,0,0,0,0,0.0,0,0,0,0.0,1,2,defense,right,2000-06-27,Menomonie,WI,USA,24
96,,Alexa Vasko,TOR,24,2,0,2,-2,4,0,0,0,14,0,1,0,0,0,0,0,14.3,0,0,0,0.0,1,10,forward,left,1999-02-07,St. Catharines,ON,CAN,26
97,,Kennedy Marchment,MTL,9,1,1,2,0,0,0,0,0,11,0,1,0,0,0,0,0,9.1,0,0,0,0.0,1,22,forward,right,1996-12-06,Marmora,ON,CAN,28
98,,Jill Saulnier,NY,18,1,1,2,-5,10,0,0,0,23,0,0,0,0,0,0,0,4.3,0,0,0,0.0,1,44,forward,left,1992-03-07,Halifax,NS,CAN,33
100,,Amanda Pelkey,BOS,23,1,1,2,-5,8,0,0,0,20,0,1,0,0,1,0,0,5.0,0,0,0,0.0,1,16,forward,right,1993-05-29,Montpelier,VT,USA,31
101,,Catherine Daoust,MTL,24,1,1,2,-2,12,0,0,0,16,0,0,1,0,0,0,0,6.3,0,0,0,0.0,1,4,defense,right,1995-02-21,L’Île-Bizard,QC,CAN,30
103,,Mellissa Channell-Watkins,MIN,24,0,2,2,1,0,0,0,0,11,0,0,0,0,0,0,0,0.0,0,0,0,0.0,1,23,defense,left,1994-12-16,Plymouth,MI,USA,30
106,rookie,Brooke Bryant,MIN,22,1,0,1,1,6,0,0,0,9,0,0,0,0,0,0,0,11.1,0,0,0,0.0,1,17,forward,right,2000-08-22,Linden,CA,USA,24
107,,Kelly Babstock,BOS,4,0,1,1,0,2,0,0,0,1,0,0,0,0,0,0,0,0.0,0,0,0,0.0,1,8,forward,right,1992-08-04,Mississauga,ON,CAN,32
109,,Olivia Zafuto,NY,13,0,1,1,1,4,0,0,0,7,0,0,0,0,0,0,0,0.0,0,0,0,0.0,1,3,defense,left,1997-01-25,Niagara Falls,NY,USA,28
110,,Nicole Hensley,MIN,14,0,1,1,0,2,0,0,0,0,0,0,0,0,0,0,0,0.0,0,0,0,0.0,1,29,goalie,left,1994-06-23,Lakewood,CO,USA,30
112,,Olivia Knowles,TOR,20,0,1,1,7,6,0,0,0,6,0,0,0,0,0,0,0,0.0,0,0,0,0.0,1,7,defense,right,1999-01-24,Campbell River,BC,CAN,26
114,,Kristen Campbell,TOR,22,0,1,1,0,0,0,1,0,0,0,0,0,0,0,0,0,0.0,0,0,0,0.0,1,50,goalie,left,1997-11-30,Brandon,MB,CAN,27
115,,Clair Degeorge,MIN,23,0,1,1,-4,6,0,0,0,14,0,0,0,0,0,0,0,0.0,0,0,0,0.0,1,26,forward,left,1999-06-07,Anchorage,AK,USA,25
116,,Emerance Maschmeyer,OTT,23,0,1,1,0,0,0,0,0,0,0,0,0,0,0,0,0,0.0,0,0,0,0.0,1,38,goalie,left,1994-10-05,Bruderheim,AB,CAN,30
118,,Kaitlin Willoughby,TOR,23,0,1,1,-3,2,0,0,0,9,0,0,0,0,0,0,0,0.0,0,0,0,0.0,1,19,forward,right,1995-03-26,Prince Albert,SK,CAN,30
119,,Shiann Darkangelo,OTT,24,0,1,1,-6,4,0,0,0,30,0,0,0,0,0,0,0,0.0,0,0,0,0.0,1,27,forward,left,1993-11-28,Brighton,MI,USA,31
125,rookie,Sandra Abstreiter,OTT,3,0,0,0,0,0,0,0,0,0,0,0,0,0,0,0,0,0.0,0,0,0,0.0,1,30,goalie,left,1998-07-23,Freising,GER,GER,26
129,,Dominika Lásková,MTL,7,0,0,0,0,8,0,0,0,6,0,0,0,0,0,0,0,0.0,0,0,0,0.0,1,96,defense,right,1996-12-20,Prague,CZE,CZE,28
130,,Elaine Chuli,MTL,8,0,0,0,0,0,0,0,0,0,0,0,0,0,0,0,0,0.0,0,0,0,0.0,1,20,goalie,left,1994-05-16,Waterford,ON,CAN,30
131,rookie,Abigail Levy,NY,8,0,0,0,0,0,0,0,0,0,0,0,0,0,0,0,0,0.0,0,0,0,0.0,1,39,goalie,left,2000-04-02,Congers,NY,USA,25
133,rookie,Emma Söderberg,BOS,8,0,0,0,0,0,0,0,0,0,0,0,0,0,0,0,0,0.0,0,0,0,0.0,1,30,goalie,left,1998-02-18,Örksköldsvik,SWE,SWE,27
135,,Samantha Isbell,OTT,10,0,0,0,1,0,0,0,0,1,0,0,0,0,0,0,0,0.0,0,0,0,0.0,1,5,defense,left,1998-02-17,Thunder Bay,ON,CAN,27
136,,Maddie Rooney,MIN,10,0,0,0,0,0,0,0,0,0,0,0,0,0,0,0,0,0.0,0,0,0,0.0,1,35,goalie,left,1997-07-07,Andover,MN,USA,27
141,,Corinne Schroeder,NY,15,0,0,0,0,0,0,0,0,0,0,0,0,0,0,0,0,0.0,0,0,0,0.0,1,30,goalie,left,1999-08-17,Elm Creek,MB,CAN,25
142,,Ann-Renée Desbiens,MTL,16,0,0,0,0,2,0,0,0,0,0,0,0,0,0,0,0,0.0,0,0,0,0.0,1,35,goalie,left,1994-04-10,Clermont,QC,CAN,30
144,,Aerin Frankel,BOS,18,0,0,0,0,0,0,0,0,0,0,0,0,0,0,0,0,0.0,0,0,0,0.0,1,31,goalie,left,1999-05-24,Chappaqua,NY,USA,25
147,,Emma Greco,MIN,22,0,0,0,8,10,0,0,0,24,0,0,0,0,0,0,0,0.0,0,0,0,0.0,1,25,defense,left,1995-03-06,Burlington,ON,CAN,30
1,,Jessie Eldridge,NY,3,3,3,6,5,0,0,1,0,12,0,1,0,1,1,2,0,25.0,0,1,0,0.0,2,9,forward,right,1997-12-17,Barrie,ON,CAN,27
2,,Emma Woods,NY,3,4,0,4,4,0,0,0,0,7,0,0,0,0,0,0,0,57.1,0,2,0,0.0,2,67,forward,right,1995-12-18,Burford,ON,CAN,29
3,,Rebecca Leslie,TOR,3,3,1,4,0,0,0,1,0,9,0,0,1,0,0,0,0,33.3,0,1,0,0.0,2,37,forward,right,1996-05-08,Ottawa,ON,CAN,28
4,,Kelly Pannek,MIN,3,3,1,4,3,4,0,0,0,10,0,0,1,0,0,0,0,30.0,1,2,0,50.0,2,12,forward,right,1995-12-29,Plymouth,MN,USA,29
5,,Renata Fast,TOR,3,2,2,4,1,0,1,0,0,10,0,0,0,0,0,0,0,20.0,0,0,0,0.0,2,14,defense,right,1994-10-06,Burlington,ON,CAN,30
8,,Jocelyne Larocque,TOR,3,1,3,4,2,8,0,1,0,2,0,0,0,0,0,0,0,50.0,0,0,0,0.0,2,23,defense,left,1988-05-19,Ste. Anne,MB,CAN,36
9,,Elizabeth Giguère,NY,3,0,4,4,3,0,0,0,0,2,0,0,0,0,0,0,0,0.0,2,3,0,66.7,2,18,forward,right,1997-05-08,Quebec City,QC,CAN,27
10,rookie,Taylor Heise,MIN,3,3,0,3,1,0,1,0,0,9,0,0,0,0,0,1,0,33.3,0,2,0,0.0,2,27,forward,right,2000-03-17,Lake City,MN,USA,25
11,,Blayre Turnbull,TOR,3,3,0,3,0,2,1,0,0,12,0,1,1,0,0,0,0,25.0,0,1,0,0.0,2,40,forward,right,1993-07-15,Stellarton,NS,CAN,31
12,,Loren Gabel,BOS,2,2,1,3,3,2,0,0,0,5,0,0,1,1,0,0,0,40.0,0,1,0,0.0,2,36,forward,left,1997-07-24,Kitchener,ON,CAN,27
13,rookie,Abby Boreen,MIN,3,2,1,3,5,4,0,0,0,10,0,0,0,0,0,1,0,20.0,0,0,0,0.0,2,24,forward,right,2000-04-03,Somerset,WI,USA,25
14,rookie,Maggie Connors,TOR,3,2,1,3,1,2,1,0,0,7,0,0,1,0,0,0,0,28.6,1,1,0,100.0,2,22,forward,left,2000-10-22,St. John's,NL,CAN,24
15,,Susanna Tapani,MIN,2,1,2,3,3,0,0,0,0,6,0,0,0,1,0,0,0,16.7,0,1,0,0.0,2,77,forward,left,1993-03-02,Turku,FIN,FIN,32
16,rookie,Alina Müller,BOS,2,0,3,3,4,0,0,0,0,8,0,0,0,0,0,0,0,0.0,0,1,0,0.0,2,11,forward,left,1998-03-12,Winterthur,SWI,SWI,27
17,,Alex Carpenter,NY,3,2,0,2,2,0,1,0,0,8,0,1,1,0,0,0,0,25.0,1,3,0,33.3,2,25,forward,left,1994-04-13,North Reading,MA,USA,30
18,,Mikyla Grant-Mentis,OTT,2,1,1,2,2,4,0,0,0,7,0,0,0,0,0,0,0,14.3,0,2,0,0.0,2,18,forward,left,1998-07-15,Brampton,ON,CAN,26
19,,Natalie Snodgrass,OTT,2,1,1,2,-1,0,0,0,0,4,0,0,0,0,0,0,0,25.0,0,0,0,0.0,2,8,forward,left,1998-12-17,Eagan,MN,USA,26
20,,Victoria Bach,TOR,3,1,1,2,2,0,0,0,0,9,0,0,0,0,0,0,0,11.1,1,1,0,100.0,2,12,forward,left,1996-07-12,Milton,ON,CAN,28
22,,Jaime Bourbonnais,NY,3,1,1,2,3,0,0,1,0,6,0,0,0,1,1,0,0,16.7,0,0,0,0.0,2,14,defense,right,1998-09-09,Mississauga,ON,CAN,26
23,rookie,Maggie Flaherty,MIN,3,1,1,2,3,2,0,0,0,7,0,0,0,0,1,0,0,14.3,0,1,0,0.0,2,19,defense,left,2000-06-02,Lakeville,MN,USA,24
24,,Denisa Křížová,MIN,3,1,1,2,1,2,0,0,0,6,0,1,0,0,0,0,0,16.7,0,1,0,0.0,2,41,forward,left,1994-11-03,Horní Cerekev,CZE,CZE,30
25,,Sarah Nurse,TOR,3,1,1,2,-1,4,0,0,0,13,0,0,0,1,0,0,0,7.7,1,2,0,50.0,2,20,forward,left,1995-01-04,Hamilton,ON,CAN,30
26,,Marie-Philip Poulin,MTL,3,1,1,2,1,0,0,1,0,12,0,0,0,0,0,0,0,8.3,1,1,0,100.0,2,29,forward,left,1991-03-28,Beauceville,QC,CAN,34
27,,Jincy Roese,OTT,3,1,1,2,2,2,0,0,0,7,0,0,1,0,0,0,0,14.3,1,1,0,100.0,2,71,defense,left,1997-05-15,O'Fallon,MO,USA,27
28,,Lee Stecklein,MIN,3,1,1,2,2,6,0,0,0,6,0,0,0,0,0,0,0,16.7,0,1,0,0.0,2,2,defense,left,1994-04-23,Roseville,MN,USA,30
29,,Kali Flanagan,TOR,3,0,2,2,-2,2,0,1,0,9,0,0,0,0,0,0,0,0.0,0,2,0,0.0,2,6,defense,right,1995-09-19,Burlington,MA,USA,29
31,rookie,Gabbie Hughes,OTT,3,0,2,2,3,0,0,0,0,2,0,0,0,0,0,0,0,0.0,1,1,0,100.0,2,17,forward,left,1999-10-04,Lino Lakes,MN,USA,25
32,,Hannah Miller,TOR,3,0,2,2,1,0,0,1,0,7,0,0,0,0,0,0,0,0.0,0,1,0,0.0,2,34,forward,left,1996-02-16,North Vancouver,BC,CAN,29
34,rookie,Lexie Adzija,OTT,2,1,0,1,1,0,0,0,0,6,0,0,1,0,0,0,0,16.7,0,0,0,0.0,2,88,forward,left,2000-06-30,St. Thomas,ON,CAN,24
35,,Hannah Brandt,BOS,2,1,0,1,1,0,0,0,0,3,0,1,0,0,0,0,0,33.3,0,1,0,0.0,2,20,forward,right,1993-11-27,Vadnais Heights,MN,USA,31
36,,Megan Keller,BOS,2,1,0,1,-1,0,1,0,0,3,0,0,0,0,0,0,0,33.3,0,0,0,0.0,2,5,defense,left,1996-05-01,Farmington,MI,USA,28
37,,Dominika Lásková,MTL,2,1,0,1,0,4,0,0,0,6,0,1,0,0,0,1,0,16.7,0,0,0,0.0,2,96,defense,right,1996-12-20,Prague,CZE,CZE,28
38,rookie,Grace Zumwinkle,MIN,2,1,0,1,0,0,0,0,0,7,0,0,0,0,0,1,0,14.3,1,1,0,100.0,2,13,forward,right,1999-04-23,Excelsior,MN,USA,25
40,,Jillian Dempsey,MTL,3,1,0,1,1,0,0,0,0,3,0,0,0,1,0,0,0,33.3,0,1,0,0.0,2,14,forward,left,1991-01-19,Winthrop,MA,USA,34
41,,Jessica Digirolamo,BOS,3,1,0,1,1,2,0,0,0,2,0,0,0,0,1,0,0,50.0,1,1,0,100.0,2,22,defense,left,1999-02-13,Mississauga,ON,CAN,26
42,,Savannah Harmon,OTT,3,1,0,1,0,0,0,0,0,5,0,0,0,0,0,0,0,20.0,0,0,0,0.0,2,15,defense,left,1995-10-27,Downers Grove,IL,USA,29
45,,Liz Schepers,MIN,3,1,0,1,1,0,0,0,0,5,0,1,0,0,0,1,0,20.0,0,0,0,0.0,2,21,forward,left,1999-02-13,Mound,MN,USA,26
46,,Sophie Shirley,BOS,3,1,0,1,0,2,1,0,0,3,0,0,0,0,0,0,0,33.3,0,1,0,0.0,2,9,forward,right,1999-06-30,Saskatoon,SK,CAN,25
47,,Tereza Vanišová,MTL,3,1,0,1,0,2,1,0,0,13,0,0,0,0,0,0,0,7.7,1,1,0,100.0,2,13,forward,left,1996-01-30,Strakonice,CZE,CZE,29
48,,Emily Brown,BOS,2,0,1,1,0,2,0,0,0,10,0,0,0,0,0,0,0,0.0,0,0,0,0.0,2,2,defense,left,1998-12-30,Blaine,MN,USA,26
49,,Catherine Dubois,MTL,2,0,1,1,1,0,0,0,0,2,0,0,0,0,0,0,0,0.0,0,0,0,0.0,2,28,forward,left,1995-07-29,Charlesbourg,QC,CAN,29
50,rookie,Sophie Jaques,BOS,2,0,1,1,-1,0,0,1,0,7,0,0,0,0,0,0,0,0.0,0,1,0,0.0,2,16,defense,right,2000-10-16,Toronto,ON,CAN,24
51,,Hilary Knight,BOS,2,0,1,1,1,4,0,0,0,13,0,0,0,0,0,0,0,0.0,1,1,0,100.0,2,21,forward,right,1989-07-12,Sun Valley,ID,USA,35
52,,Olivia Knowles,TOR,2,0,1,1,-1,2,0,0,0,3,0,0,0,0,0,0,0,0.0,0,0,0,0.0,2,7,defense,right,1999-01-24,Campbell River,BC,CAN,26
55,,Alexa Vasko,TOR,2,0,1,1,0,0,0,0,0,2,0,0,0,0,0,0,0,0.0,0,0,0,0.0,2,10,forward,left,1999-02-07,St. Catharines,ON,CAN,26
56,,Olivia Zafuto,NY,2,0,1,1,1,0,0,0,0,3,0,0,0,0,0,0,0,0.0,0,0,0,0.0,2,3,defense,left,1997-01-25,Niagara Falls,NY,USA,28
57,rookie,Natalie Buchbinder,MIN,3,0,1,1,1,0,0,0,0,5,0,0,0,0,0,0,0,0.0,0,0,0,0.0,2,22,defense,right,1999-01-22,Fairport,NY,USA,26
59,rookie,Jesse Compher,TOR,3,0,1,1,-1,0,0,0,0,12,0,0,0,0,0,0,0,0.0,0,1,0,0.0,2,18,forward,right,1999-07-01,Northbrook,IL,USA,25
60,,Catherine Daoust,MTL,3,0,1,1,2,0,0,1,0,7,0,0,0,0,0,0,0,0.0,0,0,0,0.0,2,4,defense,right,1995-02-21,L’Île-Bizard,QC,CAN,30
62,,Jade Downie-Landry,NY,3,0,1,1,1,2,0,0,0,4,0,0,0,0,0,0,0,0.0,0,2,0,0.0,2,27,forward,left,1995-10-03,"Saint-Jean-sur-Richelieu,",,,29
63,rookie,Emma Maltais,TOR,3,0,1,1,-3,4,0,0,0,8,0,0,0,0,0,0,0,0.0,1,2,0,50.0,2,27,forward,left,1999-11-04,Burlington,ON,CAN,25
64,,Ella Shelton,NY,3,0,1,1,3,0,0,0,0,6,0,0,0,0,0,0,0,0.0,0,0,0,0.0,2,17,defense,left,1998-01-19,Ingersoll,ON,CAN,27
65,,Laura Stacey,MTL,3,0,1,1,1,0,0,0,0,6,0,0,0,0,0,0,0,0.0,1,1,0,100.0,2,7,forward,right,1994-05-05,Kleinburg,ON,CAN,30
66,rookie,Sandra Abstreiter,OTT,1,0,0,0,0,0,0,0,0,0,0,0,0,0,0,0,0,0.0,0,0,0,0.0,2,30,goalie,left,1998-07-23,Freising,GER,GER,26
68,,Marlène Boissonnault,MTL,1,0,0,0,0,0,0,0,0,0,0,0,0,0,0,0,0,0.0,0,0,0,0.0,2,33,goalie,left,1997-06-19,Dundee,NB,CAN,27
69,rookie,Zoe Boyd,OTT,1,0,0,0,0,0,0,0,0,1,0,0,0,0,0,0,0,0.0,0,0,0,0.0,2,3,defense,left,2000-08-09,Caledon East,ON,CAN,24
71,,Elaine Chuli,MTL,1,0,0,0,0,0,0,0,0,0,0,0,0,0,0,0,0,0.0,0,0,0,0.0,2,20,goalie,left,1994-05-16,Waterford,ON,CAN,30
72,,Ann-Renée Desbiens,MTL,1,0,0,0,0,0,0,0,0,0,0,0,0,0,0,0,0,0.0,0,0,0,0.0,2,35,goalie,left,1994-04-10,Clermont,QC,CAN,30
73,,Aerin Frankel,BOS,1,0,0,0,0,0,0,0,0,0,0,0,0,0,0,0,0,0.0,0,0,0,0.0,2,31,goalie,left,1999-05-24,Chappaqua,NY,USA,25
75,,Nicole Hensley,MIN,1,0,0,0,0,0,0,0,0,0,0,0,0,0,0,0,0,0.0,0,0,0,0.0,2,29,goalie,left,1994-06-23,Lakewood,CO,USA,30
80,rookie,Abigail Levy,NY,1,0,0,0,0,0,0,0,0,0,0,0,0,0,0,0,0,0.0,0,0,0,0.0,2,39,goalie,left,2000-04-02,Congers,NY,USA,25
81,,Emerance Maschmeyer,OTT,1,0,0,0,0,0,0,0,0,0,0,0,0,0,0,0,0,0.0,0,0,0,0.0,2,38,goalie,left,1994-10-05,Bruderheim,AB,CAN,30
84,,Maddie Rooney,MIN,1,0,0,0,0,0,0,0,0,0,0,0,0,0,0,0,0,0.0,0,0,0,0.0,2,35,goalie,left,1997-07-07,Andover,MN,USA,27
86,,Corinne Schroeder,NY,1,0,0,0,0,0,0,0,0,0,0,0,0,0,0,0,0,0.0,0,0,0,0.0,2,30,goalie,left,1999-08-17,Elm Creek,MB,CAN,25
87,rookie,Emma Söderberg,BOS,1,0,0,0,0,0,0,0,0,0,0,0,0,0,0,0,0,0.0,0,0,0,0.0,2,30,goalie,left,1998-02-18,Örksköldsvik,SWE,SWE,27
88,,Natalie Spooner,TOR,1,0,0,0,0,0,0,0,0,1,0,0,0,0,0,0,0,0.0,0,1,0,0.0,2,24,forward,right,1990-10-17,Scarborough,ON,CAN,34
89,rookie,Chloe Aurard,NY,2,0,0,0,0,0,0,0,0,1,0,0,0,0,0,0,0,0.0,1,1,1,100.0,2,12,forward,left,1999-03-15,Villard-de-Lans,FRA,FRA,26
91,,Amanda Boulier,OTT,2,0,0,0,-2,0,0,0,0,4,0,0,0,0,0,0,0,0.0,0,0,0,0.0,2,44,defense,right,1993-03-30,Watertown,CT,USA,32
93,rookie,Brooke Bryant,MIN,2,0,0,0,0,0,0,0,0,2,0,0,0,0,0,0,0,0.0,0,0,0,0.0,2,17,forward,right,2000-08-22,Linden,CA,USA,24
95,rookie,Claire Butorac,MIN,2,0,0,0,-1,0,0,0,0,2,0,0,0,0,0,0,0,0.0,0,0,0,0.0,2,7,forward,right,1999-09-24,Andover,MN,USA,25
96,,Kristen Campbell,TOR,2,0,0,0,0,0,0,0,0,0,0,0,0,0,0,0,0,0.0,0,0,0,0.0,2,50,goalie,left,1997-11-30,Brandon,MB,CAN,27
97,,Michela Cava,MIN,2,0,0,0,0,0,0,0,0,0,0,0,0,0,0,0,0,0.0,0,0,0,0.0,2,86,forward,right,1994-03-26,Thunder Bay,ON,CAN,31
98,,Mellissa Channell-Watkins,TOR,2,0,0,0,0,0,0,0,0,1,0,0,0,0,0,0,0,0.0,0,0,0,0.0,2,23,defense,left,1994-12-16,Plymouth,MI,USA,30
99,,Emily Clark,OTT,2,0,0,0,1,0,0,0,0,3,0,0,0,0,0,0,0,0.0,0,1,0,0.0,2,26,forward,left,1995-11-28,Saskatoon,SK,CAN,29
102,rookie,Claire Dalton,MTL,2,0,0,0,1,0,0,0,0,2,0,0,0,0,0,0,0,0.0,0,0,0,0.0,2,42,forward,right,2000-03-20,Toronto,ON,CAN,25
103,rookie,Gabrielle David,MTL,2,0,0,0,0,0,0,0,0,2,0,0,0,0,0,0,0,0.0,0,1,0,0.0,2,8,forward,right,1999-06-22,Drummondville,QC,CAN,25
108,,Emma Greco,MIN,2,0,0,0,0,0,0,0,0,5,0,0,0,0,0,0,0,0.0,0,0,0,0.0,2,25,defense,left,1995-03-06,Burlington,ON,CAN,30
110,,Samantha Isbell,BOS,2,0,0,0,0,2,0,0,0,3,0,0,0,0,0,0,0,0.0,0,0,0,0.0,2,5,defense,left,1998-02-17,Thunder Bay,ON,CAN,27
111,,Brianne Jenner,OTT,2,0,0,0,0,0,0,0,0,4,0,0,0,0,0,0,0,0.0,0,2,0,0.0,2,19,forward,right,1991-05-04,Oakville,ON,CAN,33
112,rookie,Mariah Keopple,MTL,2,0,0,0,0,2,0,0,0,4,0,0,0,0,0,0,0,0.0,0,0,0,0.0,2,2,defense,right,2000-06-27,Menomonie,WI,USA,24
113,rookie,Jessica Kondas,TOR,2,0,0,0,0,2,0,0,0,1,0,0,0,0,0,0,0,0.0,0,0,0,0.0,2,2,defense,right,2000-01-03,Calgary,AB,CAN,25
118,,Kennedy Marchment,MTL,2,0,0,0,0,0,0,0,0,4,0,0,0,0,0,0,0,0.0,0,0,0,0.0,2,22,forward,right,1996-12-06,Marmora,ON,CAN,28
119,,Sidney Morin,MIN,2,0,0,0,0,0,0,0,0,7,0,0,0,0,0,0,0,0.0,0,0,0,0.0,2,7,defense,right,1995-06-06,Minnetonka,MN,USA,29
120,,Kateřina Mrázová,OTT,2,0,0,0,0,2,0,0,0,2,0,0,0,0,0,0,0,0.0,0,1,0,0.0,2,16,forward,left,1992-10-19,Kolín,CZE,CZE,32
121,,Allie Munroe,TOR,2,0,0,0,2,0,0,0,0,1,0,0,0,0,0,0,0,0.0,0,0,0,0.0,2,12,defense,left,1997-04-20,Yarmouth,NS,CAN,27
124,,Amanda Pelkey,BOS,2,0,0,0,-1,0,0,0,0,3,0,0,0,0,0,0,0,0.0,1,1,0,100.0,2,16,forward,right,1993-05-29,Montpelier,VT,USA,31
126,,Jamie Lee Rattray,BOS,2,0,0,0,0,2,0,0,0,1,0,0,0,0,0,0,0,0.0,0,1,0,0.0,2,47,forward,left,1992-09-30,Kanata,ON,CAN,32
127,rookie,Theresa Schafzahl,BOS,2,0,0,0,-2,2,0,0,0,4,0,0,0,0,0,0,0,0.0,1,1,0,100.0,2,37,forward,left,2000-04-12,Weiz,AUT,AUT,24
130,,Aneta Tejralová,OTT,2,0,0,0,-1,0,0,0,0,4,0,0,0,0,0,0,0,0.0,0,0,0,0.0,2,2,defense,left,1996-01-04,Prague,CZE,CZE,29
131,,Daryl Watts,OTT,2,0,0,0,0,2,0,0,0,4,0,0,0,0,0,0,0,0.0,0,2,0,0.0,2,9,forward,left,1999-05-15,Toronto,ON,CAN,25
132,,Kaitlin Willoughby,TOR,2,0,0,0,0,0,0,0,0,3,0,0,0,0,0,0,0,0.0,0,0,0,0.0,2,19,forward,right,1995-03-26,Prince Albert,SK,CAN,30
133,rookie,Ashton Bell,OTT,3,0,0,0,0,0,0,0,0,3,0,0,0,0,0,0,0,0.0,0,0,0,0.0,2,21,defense,right,1999-12-07,Deloraine,MB,CAN,25
135,,Shiann Darkangelo,BOS,3,0,0,0,0,2,0,0,0,0,0,0,0,0,0,0,0,0.0,0,0,0,0.0,2,27,forward,left,1993-11-28,Brighton,MI,USA,31
136,,Clair Degeorge,MIN,3,0,0,0,1,2,0,0,0,1,0,0,0,0,0,0,0,0.0,0,0,0,0.0,2,26,forward,left,1999-06-07,Anchorage,AK,USA,25
139,,Taylor Girard,BOS,3,0,0,0,-1,2,0,0,0,3,0,0,0,0,0,0,0,0.0,0,1,0,0.0,2,71,forward,left,1998-07-17,Macomb,MI,USA,26
140,rookie,Brooke Hobson,NY,3,0,0,0,0,0,0,0,0,4,0,0,0,0,0,0,0,0.0,0,0,0,0.0,2,6,defense,left,1999-05-27,Prince Albert,SK,CAN,25
142,,Alexandra Labelle,NY,3,0,0,0,0,0,0,0,0,4,0,0,0,0,0,0,0,0.0,0,1,0,0.0,2,13,forward,left,1996-02-27,"Saint-Louis-de-Gonzague,",,,29
143,rookie,Paetyn Levis,NY,3,0,0,0,-1,0,0,0,0,3,0,0,0,0,0,0,0,0.0,0,1,0,0.0,2,19,forward,right,1999-11-06,Rogers,MN,USA,25
145,rookie,Maureen Murphy,MTL,3,0,0,0,-1,0,0,0,0,6,0,0,0,0,0,0,0,0.0,0,1,0,0.0,2,21,forward,right,1999-12-15,Buffalo,NY,USA,25
146,,Kristin O'Neill,MTL,3,0,0,0,3,4,0,0,0,2,0,0,0,0,0,0,0,0.0,0,0,0,0.0,2,43,forward,left,1998-03-30,Oakville,ON,CAN,27
149,,Abby Roque,NY,3,0,0,0,2,0,0,0,0,6,0,0,0,0,0,0,0,0.0,1,3,0,33.3,2,11,forward,right,1997-09-25,Sault Ste. Marie,MI,USA,27
150,,Jill Saulnier,NY,3,0,0,0,-1,6,0,0,0,1,0,0,0,0,0,0,0,0.0,1,1,0,100.0,2,44,forward,left,1992-03-07,Halifax,NS,CAN,33
151,,Hayley Scamurra,OTT,3,0,0,0,-3,4,0,0,0,12,0,0,0,0,0,0,0,0.0,0,1,0,0.0,2,16,forward,left,1994-12-14,Buffalo,NY,USA,30
152,,Kayla Vespa,NY,3,0,0,0,0,2,0,0,0,2,0,0,0,0,0,0,0,0.0,0,0,0,0.0,2,81,forward,left,1997-04-01,Hamilton,ON,CAN,28
1,rookie,Taylor Heise,MIN,10,5,3,8,6,2,1,0,0,29,0,1,1,0,0,0,1,17.2,0,0,0,0.0,3,27,forward,right,2000-03-17,Lake City,MN,USA,25
2,,Michela Cava,MIN,10,4,4,8,6,4,0,0,0,25,0,1,2,2,0,0,0,16.0,0,0,0,0.0,3,86,forward,right,1994-03-26,Thunder Bay,ON,CAN,31
3,rookie,Sophie Jaques,MIN,10,2,3,5,6,2,0,1,0,28,0,0,0,1,0,1,1,7.1,0,0,0,0.0,3,16,defense,right,2000-10-16,Toronto,ON,CAN,24
4,,Liz Schepers,MIN,10,1,4,5,2,2,0,0,0,15,0,1,1,0,0,0,0,6.7,0,0,0,0.0,3,21,forward,left,1999-02-13,Mound,MN,USA,26
5,,Susanna Tapani,BOS,8,3,1,4,0,2,0,0,0,13,0,2,0,0,2,0,0,23.1,0,0,0,0.0,3,77,forward,left,1993-03-02,Turku,FIN,FIN,32
6,,Kendall Coyne Schofield,MIN,10,1,3,4,6,0,0,1,0,26,0,0,0,0,0,0,1,3.8,0,0,0,0.0,3,26,forward,left,1992-05-25,Palos Heights,IL,USA,32
7,,Megan Keller,BOS,8,0,4,4,2,10,0,0,0,12,1,0,0,0,0,0,0,0.0,0,0,0,0.0,3,5,defense,left,1996-05-01,Farmington,MI,USA,28
8,,Mellissa Channell-Watkins,MIN,10,0,4,4,6,2,0,0,0,12,0,0,0,0,0,0,0,0.0,0,0,0,0.0,3,23,defense,left,1994-12-16,Plymouth,MI,USA,30
9,rookie,Alina Müller,BOS,8,2,1,3,1,0,0,0,0,19,0,1,1,0,1,0,0,10.5,0,0,0,0.0,3,11,forward,left,1998-03-12,Winterthur,SWI,SWI,27
10,,Amanda Pelkey,BOS,8,2,1,3,0,0,0,0,1,9,0,0,1,0,0,1,0,22.2,0,0,0,0.0,3,16,forward,right,1993-05-29,Montpelier,VT,USA,31
11,rookie,Maureen Murphy,MTL,3,1,2,3,-3,2,1,2,0,11,0,0,0,0,0,0,0,9.1,0,0,0,0.0,3,21,forward,right,1999-12-15,Buffalo,NY,USA,25
12,,Hannah Miller,TOR,5,1,2,3,3,0,0,0,0,7,0,0,0,1,0,0,1,14.3,0,0,0,0.0,3,34,forward,left,1996-02-16,North Vancouver,BC,CAN,29
13,rookie,Claire Butorac,MIN,10,1,2,3,-1,2,0,0,0,9,0,1,1,0,1,0,0,11.1,0,0,0,0.0,3,7,forward,right,1999-09-24,Andover,MN,USA,25
14,,Renata Fast,TOR,5,0,3,3,1,4,0,0,0,9,0,0,0,0,0,0,0,0.0,0,0,0,0.0,3,14,defense,right,1994-10-06,Burlington,ON,CAN,30
16,rookie,Theresa Schafzahl,BOS,8,0,3,3,2,0,0,0,0,7,0,0,0,0,0,0,0,0.0,0,0,0,0.0,3,37,forward,left,2000-04-12,Weiz,AUT,AUT,24
17,,Lee Stecklein,MIN,10,0,3,3,-1,2,0,1,0,10,0,0,0,0,0,0,0,0.0,0,0,0,0.0,3,2,defense,left,1994-04-23,Roseville,MN,USA,30
18,,Kristin O'Neill,MTL,3,2,0,2,-2,0,2,0,0,11,0,0,1,0,0,0,0,18.2,0,0,0,0.0,3,43,forward,left,1998-03-30,Oakville,ON,CAN,27
19,,Blayre Turnbull,TOR,5,2,0,2,2,0,0,0,0,16,0,0,0,0,0,0,0,12.5,0,0,0,0.0,3,40,forward,right,1993-07-15,Stellarton,NS,CAN,31
21,,Denisa Křížová,MIN,10,2,0,2,0,6,1,0,0,18,0,0,1,1,0,0,0,11.1,0,0,0,0.0,3,41,forward,left,1994-11-03,Horní Cerekev,CZE,CZE,30
22,,Marie-Philip Poulin,MTL,3,1,1,2,-2,0,0,1,0,18,0,0,1,0,0,0,0,5.6,0,0,0,0.0,3,29,forward,left,1991-03-28,Beauceville,QC,CAN,34
23,,Natalie Spooner,TOR,3,1,1,2,4,0,0,0,0,10,0,1,1,0,0,0,0,10.0,0,0,0,0.0,3,24,forward,right,1990-10-17,Scarborough,ON,CAN,34
24,rookie,Emma Maltais,TOR,5,1,1,2,-1,2,0,0,0,6,0,0,0,1,0,0,0,16.7,0,0,0,0.0,3,27,forward,left,1999-11-04,Burlington,ON,CAN,25
25,,Hannah Brandt,BOS,8,1,1,2,-1,4,0,0,0,10,1,0,0,0,0,0,0,10.0,0,0,0,0.0,3,20,forward,right,1993-11-27,Vadnais Heights,MN,USA,31
26,,Sophie Shirley,BOS,8,1,1,2,0,0,0,0,0,14,0,0,0,0,0,0,0,7.1,0,0,0,0.0,3,9,forward,right,1999-06-30,Saskatoon,SK,CAN,25
28,,Erin Ambrose,MTL,3,0,2,2,-2,0,0,2,0,10,0,0,0,0,0,0,0,0.0,0,0,0,0.0,3,23,defense,right,1994-04-30,Keswick,ON,CAN,30
29,,Emily Brown,BOS,8,0,2,2,-2,0,0,0,0,6,0,0,0,0,0,0,0,0.0,0,0,0,0.0,3,2,defense,left,1998-12-30,Blaine,MN,USA,26
30,,Sidney Morin,BOS,8,0,2,2,5,0,0,0,0,20,0,0,0,0,0,0,0,0.0,0,0,0,0.0,3,7,defense,right,1995-06-06,Minnetonka,MN,USA,29
31,rookie,Natalie Buchbinder,MIN,10,0,2,2,-1,2,0,0,0,16,0,0,0,0,0,0,0,0.0,0,0,0,0.0,3,22,defense,right,1999-01-22,Fairport,NY,USA,26
32,,Kelly Pannek,MIN,10,0,2,2,-4,0,0,1,0,20,0,0,0,0,0,0,0,0.0,0,0,0,0.0,3,12,forward,right,1995-12-29,Plymouth,MN,USA,29
33,rookie,Jesse Compher,TOR,5,1,0,1,-1,2,0,0,0,9,0,1,1,0,0,0,0,11.1,0,0,0,0.0,3,18,forward,right,1999-07-01,Northbrook,IL,USA,25
34,,Rebecca Leslie,TOR,5,1,0,1,2,0,0,0,0,9,0,0,0,0,0,0,0,11.1,0,0,0,0.0,3,37,forward,right,1996-05-08,Ottawa,ON,CAN,28
36,rookie,Maggie Flaherty,MIN,10,1,0,1,-1,2,0,0,0,9,0,1,1,0,0,0,0,11.1,0,0,0,0.0,3,19,defense,left,2000-06-02,Lakeville,MN,USA,24
38,rookie,Grace Zumwinkle,MIN,10,1,0,1,-4,0,0,0,1,26,0,0,0,0,0,1,1,3.8,0,0,0,0.0,3,13,forward,right,1999-04-23,Excelsior,MN,USA,25
40,,Mikyla Grant-Mentis,MTL,3,0,1,1,-1,0,0,0,0,13,0,0,0,0,0,0,0,0.0,0,0,0,0.0,3,18,forward,left,1998-07-15,Brampton,ON,CAN,26
41,,Laura Stacey,MTL,3,0,1,1,-2,0,0,1,0,17,0,0,0,0,0,0,0,0.0,0,0,0,0.0,3,7,forward,right,1994-05-05,Kleinburg,ON,CAN,30
42,,Victoria Bach,TOR,5,0,1,1,0,0,0,0,0,2,0,0,0,0,0,0,0,0.0,0,0,0,0.0,3,12,forward,left,1996-07-12,Milton,ON,CAN,28
43,rookie,Abby Boreen,MIN,5,0,1,1,-2,2,0,0,0,8,0,0,0,0,0,0,0,0.0,0,0,0,0.0,3,24,forward,right,2000-04-03,Somerset,WI,USA,25
44,,Kali Flanagan,TOR,5,0,1,1,1,2,0,0,0,5,0,0,0,0,0,0,0,0.0,0,0,0,0.0,3,6,defense,right,1995-09-19,Burlington,MA,USA,29
46,,Jocelyne Larocque,TOR,5,0,1,1,1,6,0,0,0,3,0,0,0,0,0,0,0,0.0,0,0,0,0.0,3,23,defense,left,1988-05-19,Ste. Anne,MB,CAN,36
47,,Allie Munroe,TOR,5,0,1,1,1,6,0,0,0,2,0,0,0,0,0,0,0,0.0,0,0,0,0.0,3,12,defense,left,1997-04-20,Yarmouth,NS,CAN,27
48,,Sarah Nurse,TOR,5,0,1,1,-2,4,0,0,0,8,0,0,0,0,0,0,0,0.0,0,0,0,0.0,3,20,forward,left,1995-01-04,Hamilton,ON,CAN,30
49,,Jamie Lee Rattray,BOS,6,0,1,1,0,4,0,0,0,11,0,0,0,0,0,0,0,0.0,0,0,0,0.0,3,47,forward,left,1992-09-30,Kanata,ON,CAN,32
56,,Amanda Boulier,MTL,3,0,0,0,-2,2,0,0,0,5,0,0,0,0,0,0,0,0.0,0,0,0,0.0,3,44,defense,right,1993-03-30,Watertown,CT,USA,32
57,rookie,Claire Dalton,MTL,3,0,0,0,-1,0,0,0,0,8,0,0,0,0,0,0,0,0.0,0,0,0,0.0,3,42,forward,right,2000-03-20,Toronto,ON,CAN,25
59,,Catherine Daoust,MTL,3,0,0,0,-3,0,0,0,0,1,0,0,0,0,0,0,0,0.0,0,0,0,0.0,3,4,defense,right,1995-02-21,L’Île-Bizard,QC,CAN,30
60,rookie,Gabrielle David,MTL,3,0,0,0,-1,0,0,0,0,3,0,0,0,0,0,0,0,0.0,0,0,0,0.0,3,8,forward,right,1999-06-22,Drummondville,QC,CAN,25
61,,Jillian Dempsey,MTL,3,0,0,0,-1,0,0,0,0,1,0,0,0,0,0,0,0,0.0,0,0,0,0.0,3,14,forward,left,1991-01-19,Winthrop,MA,USA,34
62,,Ann-Renée Desbiens,MTL,3,0,0,0,0,0,0,0,0,0,0,0,0,0,0,0,0,0.0,0,0,0,0.0,3,35,goalie,left,1994-04-10,Clermont,QC,CAN,30
63,,Catherine Dubois,MTL,3,0,0,0,-2,2,0,0,0,2,0,0,0,0,0,0,0,0.0,0,0,0,0.0,3,28,forward,left,1995-07-29,Charlesbourg,QC,CAN,29
64,rookie,Mariah Keopple,MTL,3,0,0,0,-2,0,0,0,0,3,0,0,0,0,0,0,0,0.0,0,0,0,0.0,3,2,defense,right,2000-06-27,Menomonie,WI,USA,24
67,,Kati Tabin,MTL,3,0,0,0,-1,0,0,0,0,21,0,0,0,0,0,0,0,0.0,0,0,0,0.0,3,9,defense,left,1997-04-21,Winnipeg,MB,CAN,27
68,,Kristen Campbell,TOR,5,0,0,0,0,0,0,0,0,0,0,0,0,0,0,0,0,0.0,0,0,0,0.0,3,50,goalie,left,1997-11-30,Brandon,MB,CAN,27
70,rookie,Maggie Connors,TOR,5,0,0,0,-2,0,0,0,0,7,0,0,0,0,0,0,0,0.0,0,0,0,0.0,3,22,forward,left,2000-10-22,St. John's,NL,CAN,24
71,,Nicole Hensley,MIN,5,0,0,0,0,0,0,0,0,0,0,0,0,0,0,0,0,0.0,0,0,0,0.0,3,29,goalie,left,1994-06-23,Lakewood,CO,USA,30
72,,Olivia Knowles,TOR,5,0,0,0,0,2,0,0,0,2,0,0,0,0,0,0,0,0.0,0,0,0,0.0,3,7,defense,right,1999-01-24,Campbell River,BC,CAN,26
73,,Maddie Rooney,MIN,5,0,0,0,0,0,0,0,0,0,0,0,0,0,0,0,0,0.0,0,0,0,0.0,3,35,goalie,left,1997-07-07,Andover,MN,USA,27
75,,Alexa Vasko,TOR,5,0,0,0,0,2,0,0,0,1,0,0,0,0,0,0,0,0.0,0,0,0,0.0,3,10,forward,left,1999-02-07,St. Catharines,ON,CAN,26
76,,Kaitlin Willoughby,TOR,5,0,0,0,-1,0,0,0,0,4,0,0,0,0,0,0,0,0.0,0,0,0,0.0,3,19,forward,right,1995-03-26,Prince Albert,SK,CAN,30
77,rookie,Brooke Bryant,MIN,6,0,0,0,0,0,0,0,0,1,0,0,0,0,0,0,0,0.0,0,0,0,0.0,3,17,forward,right,2000-08-22,Linden,CA,USA,24
78,,Loren Gabel,BOS,6,0,0,0,-2,0,0,0,0,4,0,0,0,0,0,0,0,0.0,0,0,0,0.0,3,36,forward,left,1997-07-24,Kitchener,ON,CAN,27
79,,Kelly Babstock,BOS,8,0,0,0,-1,4,0,0,0,7,0,0,0,0,0,0,0,0.0,0,0,0,0.0,3,8,forward,right,1992-08-04,Mississauga,ON,CAN,32
80,,Jessica Digirolamo,BOS,8,0,0,0,-2,2,0,0,0,11,0,0,0,0,0,0,0,0.0,0,0,0,0.0,3,22,defense,left,1999-02-13,Mississauga,ON,CAN,26
81,,Aerin Frankel,BOS,8,0,0,0,0,0,0,0,0,0,0,0,0,0,0,0,0,0.0,0,0,0,0.0,3,31,goalie,left,1999-05-24,Chappaqua,NY,USA,25
83,,Hilary Knight,BOS,8,0,0,0,-6,2,0,0,0,31,0,0,0,0,0,0,0,0.0,0,0,0,0.0,3,21,forward,right,1989-07-12,Sun Valley,ID,USA,35
84,,Clair Degeorge,MIN,10,0,0,0,1,4,0,0,0,6,0,0,0,0,0,0,0,0.0,0,0,0,0.0,3,26,forward,left,1999-06-07,Anchorage,AK,USA,25
85,,Emma Greco,MIN,10,0,0,0,0,6,0,0,0,6,0,0,0,0,0,0,0,0.0,0,0,0,0.0,3,25,defense,left,1995-03-06,Burlington,ON,CAN,30
1,rookie,Sarah Fillier,NY,2,3,0,3,0,2,1,0,1,8,0,1,1,0,0,1,0,37.5,0,0,0,0.0,4,10,forward,right,2000-06-09,Georgetown,ON,CAN,24
2,,Maureen Murphy,MTL,2,2,1,3,2,0,1,0,0,7,0,0,0,0,0,0,0,28.6,0,0,0,0.0,4,21,forward,right,1999-12-15,Buffalo,NY,USA,25
3,,Emily Clark,OTT,2,1,2,3,2,2,0,0,0,4,0,0,0,0,0,0,0,25.0,0,0,0,0.0,4,26,forward,left,1995-11-28,Saskatoon,SK,CAN,29
4,rookie,Stephanie Markowski,OTT,2,1,2,3,3,0,0,0,0,1,0,1,0,0,0,0,0,100.0,0,0,0,0.0,4,6,defense,right,2001-08-24,Edmonton,AB,CAN,23
5,rookie,Brooke McQuigge,MIN,2,1,2,3,4,0,0,0,0,2,0,0,0,0,0,0,0,50.0,0,0,0,0.0,4,3,forward,left,2000-06-09,Bowmanville,ON,CAN,24
6,,Tereza Vanišová,OTT,2,1,2,3,0,0,0,0,0,4,0,0,0,0,0,0,0,25.0,0,0,0,0.0,4,13,forward,left,1996-01-30,Strakonice,CZE,CZE,29
7,,Hilary Knight,BOS,1,2,0,2,2,0,0,0,0,3,0,1,1,0,0,0,0,66.7,0,0,0,0.0,4,21,forward,right,1989-07-12,Sun Valley,ID,USA,35
8,rookie,Mae Batherson,MIN,2,2,0,2,-1,2,2,0,0,4,0,1,1,0,1,0,0,50.0,0,0,0,0.0,4,9,defense,left,2000-12-05,New Minas,NS,CAN,24
9,,Mikyla Grant-Mentis,MTL,2,2,0,2,1,0,0,0,0,4,0,1,1,0,0,0,0,50.0,0,0,0,0.0,4,18,forward,left,1998-07-15,Brampton,ON,CAN,26
10,rookie,Anna Meixner,OTT,1,1,1,2,2,0,0,0,0,1,0,0,0,1,0,0,0,100.0,0,0,0,0.0,4,94,forward,left,1994-06-16,Zell Am See,AUT,AUT,30
11,,Lexie Adzija,BOS,2,1,1,2,1,0,0,0,0,5,0,0,0,0,0,0,0,20.0,0,0,0,0.0,4,88,forward,left,2000-06-30,St. Thomas,ON,CAN,24
12,,Mellissa Channell-Watkins,MIN,2,1,1,2,1,0,0,1,0,5,0,0,0,0,0,0,0,20.0,0,0,0,0.0,4,23,defense,left,1994-12-16,Plymouth,MI,USA,30
13,rookie,Elle Hartje,NY,2,1,1,2,3,2,0,0,0,3,0,0,0,0,0,0,0,33.3,0,0,0,0.0,4,13,forward,left,2001-04-13,Detroit,MI,USA,23
14,,Brooke Hobson,NY,2,1,1,2,4,4,0,0,0,2,0,0,0,0,0,0,0,50.0,0,0,0,0.0,4,6,defense,left,1999-05-27,Prince Albert,SK,CAN,25
15,,Rebecca Leslie,OTT,2,1,1,2,1,2,0,0,0,5,0,0,0,0,0,0,0,20.0,0,0,0,0.0,4,37,forward,right,1996-05-08,Ottawa,ON,CAN,28
16,,Paetyn Levis,NY,2,1,1,2,1,0,0,0,0,3,0,0,0,0,0,1,0,33.3,0,0,0,0.0,4,19,forward,right,1999-11-06,Rogers,MN,USA,25
17,rookie,Danielle Serdachny,OTT,2,1,1,2,1,4,0,0,0,2,0,0,0,0,0,1,0,50.0,0,0,0,0.0,4,92,forward,right,2001-05-12,Edmonton,AB,CAN,23
18,,Kati Tabin,MTL,2,1,1,2,0,0,0,0,0,2,0,0,0,0,0,1,1,50.0,0,0,0,0.0,4,9,defense,left,1997-04-21,Winnipeg,MB,CAN,27
19,,Jaime Bourbonnais,NY,1,0,2,2,2,0,0,1,0,4,0,0,0,0,0,0,0,0.0,0,0,0,0.0,4,14,defense,right,1998-09-09,Mississauga,ON,CAN,26
20,,Denisa Křížová,MIN,2,0,2,2,0,0,0,1,0,1,0,0,0,0,0,0,0,0.0,0,0,0,0.0,4,41,forward,left,1994-11-03,Horní Cerekev,CZE,CZE,30
21,,Sidney Morin,BOS,2,0,2,2,-1,0,0,0,0,4,0,0,0,0,0,0,0,0.0,0,0,0,0.0,4,7,defense,right,1995-06-06,Minnetonka,MN,USA,29
22,,Liz Schepers,MIN,2,0,2,2,3,2,0,0,0,4,0,0,0,0,0,0,0,0.0,0,0,0,0.0,4,21,forward,left,1999-02-13,Mound,MN,USA,26
23,,Lee Stecklein,MIN,1,1,0,1,2,0,0,0,0,2,0,0,1,0,0,0,0,50.0,0,0,0,0.0,4,2,defense,left,1994-04-23,Roseville,MN,USA,30
24,rookie,Noora Tulus,NY,1,1,0,1,1,0,0,0,0,3,0,0,0,0,0,0,0,33.3,0,0,0,0.0,4,40,forward,right,1995-08-15,Vantaa,FIN,FIN,29
25,,Blayre Turnbull,TOR,1,1,0,1,1,2,0,0,0,5,0,0,0,0,0,0,0,20.0,0,0,0,0.0,4,40,forward,right,1993-07-15,Stellarton,NS,CAN,31
26,,Kayla Vespa,NY,1,1,0,1,1,0,0,0,0,1,0,0,0,1,0,0,0,100.0,0,0,0,0.0,4,81,forward,left,1997-04-01,Hamilton,ON,CAN,28
27,,Victoria Bach,TOR,2,1,0,1,-2,2,1,0,0,3,0,0,0,0,0,0,0,33.3,0,0,0,0.0,4,12,forward,left,1996-07-12,Milton,ON,CAN,28
28,rookie,Britta Curl-Salemme,MIN,2,1,0,1,0,0,0,0,0,5,0,0,0,1,0,0,0,20.0,0,0,0,0.0,4,77,forward,left,2000-03-20,Bismarck,ND,USA,25
29,,Shiann Darkangelo,OTT,2,1,0,1,-1,0,0,0,0,3,0,0,1,0,0,0,0,33.3,0,0,0,0.0,4,27,forward,left,1993-11-28,Brighton,MI,USA,31
30,,Gabrielle David,MTL,2,1,0,1,-1,0,0,0,0,2,0,0,0,0,0,0,0,50.0,0,0,0,0.0,4,8,forward,right,1999-06-22,Drummondville,QC,CAN,25
31,rookie,Katy Knoll,MIN,2,1,0,1,0,0,0,0,0,4,0,1,0,0,0,0,0,25.0,0,0,0,0.0,4,6,forward,right,2001-01-16,Amherst,NY,USA,24
32,,Alexandra Labelle,MTL,2,1,0,1,1,2,0,0,0,7,0,0,0,1,0,0,0,14.3,0,0,0,0.0,4,13,forward,left,1996-02-27,"Saint-Louis-de-Gonzague,",,,29
33,rookie,Shay Maloney,BOS,2,1,0,1,-1,0,0,0,0,4,0,0,0,1,0,0,1,25.0,0,0,0,0.0,4,27,forward,right,1999-08-31,McHenry,IL,USA,25
34,rookie,Mannon McMahon,OTT,2,1,0,1,0,0,0,0,0,6,0,0,0,0,0,0,0,16.7,0,0,0,0.0,4,18,forward,right,2001-07-29,Maple Grove,MN,USA,23
35,,Kateřina Mrázová,OTT,2,1,0,1,0,0,0,0,0,2,0,0,0,0,0,0,0,50.0,0,0,0,0.0,4,16,forward,left,1992-10-19,Kolín,CZE,CZE,32
36,,Kaitlin Willoughby,TOR,2,1,0,1,-1,2,0,0,0,2,0,0,0,0,0,0,0,50.0,0,0,0,0.0,4,19,forward,right,1995-03-26,Prince Albert,SK,CAN,30
37,,Ashton Bell,OTT,1,0,1,1,0,0,0,0,0,4,0,0,0,0,0,0,0,0.0,0,0,0,0.0,4,21,defense,right,1999-12-07,Deloraine,MB,CAN,25
38,,Michela Cava,MIN,1,0,1,1,0,0,0,1,0,0,0,0,0,0,0,0,0,0.0,0,0,0,0.0,4,86,forward,right,1994-03-26,Thunder Bay,ON,CAN,31
39,,Kali Flanagan,TOR,1,0,1,1,-2,0,0,1,0,4,0,0,0,0,0,0,0,0.0,0,0,0,0.0,4,6,defense,right,1995-09-19,Burlington,MA,USA,29
40,rookie,Jennifer Gardiner,MTL,1,0,1,1,0,0,0,0,0,2,0,0,0,0,0,0,0,0.0,0,0,0,0.0,4,12,forward,left,2001-09-18,Surrey,BC,CAN,23
41,,Elizabeth Giguère,NY,1,0,1,1,1,0,0,0,0,1,0,0,0,0,0,0,0,0.0,0,0,0,0.0,4,18,forward,right,1997-05-08,Quebec City,QC,CAN,27
42,,Gabbie Hughes,OTT,1,0,1,1,1,0,0,0,0,2,0,0,0,0,0,0,0,0.0,0,0,0,0.0,4,17,forward,left,1999-10-04,Lino Lakes,MN,USA,25
43,,Sophie Jaques,MIN,1,0,1,1,1,0,0,0,0,0,0,0,0,0,0,0,0,0.0,0,0,0,0.0,4,16,defense,right,2000-10-16,Toronto,ON,CAN,24
44,,Emma Maltais,TOR,1,0,1,1,0,0,0,0,0,0,0,0,0,0,0,0,0,0.0,0,0,0,0.0,4,27,forward,left,1999-11-04,Burlington,ON,CAN,25
45,,Kelly Pannek,MIN,1,0,1,1,1,0,0,0,0,0,0,0,0,0,0,0,0,0.0,0,0,0,0.0,4,12,forward,right,1995-12-29,Plymouth,MN,USA,29
46,rookie,Sydney Bard,BOS,2,0,1,1,-1,0,0,0,0,3,0,0,0,0,0,0,0,0.0,0,0,0,0.0,4,15,defense,right,2001-01-15,New Hartford,NY,USA,24
47,rookie,Lauren Bernard,TOR,2,0,1,1,-4,0,0,0,0,3,0,0,0,0,0,0,0,0.0,0,0,0,0.0,4,16,defense,left,2001-07-15,Madison,OH,USA,23
48,rookie,Hannah Bilka,BOS,2,0,1,1,-1,0,0,0,0,7,0,0,0,0,0,0,0,0.0,0,0,0,0.0,4,19,forward,left,2001-03-24,Coppell,TX,USA,24
50,,Brooke Bryant,MIN,2,0,1,1,2,0,0,0,0,2,0,0,0,0,0,0,0,0.0,0,0,0,0.0,4,17,forward,right,2000-08-22,Linden,CA,USA,24
51,,Alex Carpenter,NY,2,0,1,1,0,0,0,0,0,7,0,0,0,0,0,0,0,0.0,0,0,0,0.0,4,25,forward,left,1994-04-13,North Reading,MA,USA,30
52,,Claire Dalton,MTL,2,0,1,1,-1,0,0,0,0,5,0,0,0,0,0,0,0,0.0,0,0,0,0.0,4,42,forward,right,2000-03-20,Toronto,ON,CAN,25
53,,Jillian Dempsey,BOS,2,0,1,1,0,0,0,0,0,1,0,0,0,0,0,0,0,0.0,0,0,0,0.0,4,14,forward,left,1991-01-19,Winthrop,MA,USA,34
54,rookie,Emmy Fecteau,NY,2,0,1,1,1,0,0,0,0,4,0,0,0,0,0,0,0,0.0,0,0,0,0.0,4,29,forward,left,1999-04-07,Saint-Odilon-de-Cranbourn,,,26
55,,Brianne Jenner,OTT,2,0,1,1,-2,0,0,0,0,3,0,0,0,0,0,0,0,0.0,0,0,0,0.0,4,19,forward,right,1991-05-04,Oakville,ON,CAN,33
56,,Mariah Keopple,MTL,2,0,1,1,2,0,0,0,0,2,0,0,0,0,0,0,0,0.0,0,0,0,0.0,4,2,defense,right,2000-06-27,Menomonie,WI,USA,24
57,rookie,Anna Kjellbin,MTL,2,0,1,1,0,0,0,1,0,1,0,0,0,0,0,0,0,0.0,0,0,0,0.0,4,71,defense,right,1994-03-16,Göteberg,SWE,SWE,31
58,rookie,Rylind MacKinnon,TOR,2,0,1,1,-1,2,0,1,0,3,0,0,0,0,0,0,0,0.0,0,0,0,0.0,4,55,defense,left,2000-03-05,Cranbrook,BC,CAN,25
59,,Hannah Miller,TOR,2,0,1,1,-2,0,0,0,0,4,0,0,0,0,0,0,0,0.0,0,0,0,0.0,4,34,forward,left,1996-02-16,North Vancouver,BC,CAN,29
60,rookie,Kelly Ann Nadeau,MTL,2,0,1,1,-1,2,0,0,0,1,0,0,0,0,0,0,0,0.0,0,0,0,0.0,4,51,defense,right,1998-03-30,Mont-Laurier,QC,CAN,27
61,rookie,Dominique Petrie,MIN,2,0,1,1,-1,0,0,1,0,1,0,0,0,0,0,0,0,0.0,0,0,0,0.0,4,14,forward,right,2001-01-21,Hermosa Beach,CA,USA,24
62,,Marie-Philip Poulin,MTL,2,0,1,1,-2,0,0,1,0,5,0,0,0,0,0,0,0,0.0,0,0,0,0.0,4,29,forward,left,1991-03-28,Beauceville,QC,CAN,34
65,,Micah Zandee-Hart,NY,2,0,1,1,-1,0,0,1,0,2,0,0,0,0,0,0,0,0.0,0,0,0,0.0,4,28,defense,left,1997-01-13,Saanichton,BC,CAN,28
66,,Sandra Abstreiter,MTL,1,0,0,0,0,0,0,0,0,0,0,0,0,0,0,0,0,0.0,0,0,0,0.0,4,30,goalie,left,1998-07-23,Freising,GER,GER,26
67,,Erin Ambrose,MTL,1,0,0,0,0,0,0,0,0,4,0,0,0,0,0,0,0,0.0,0,0,0,0.0,4,23,defense,right,1994-04-30,Keswick,ON,CAN,30
68,,Kelly Babstock,BOS,1,0,0,0,1,0,0,0,0,1,0,0,0,0,0,0,0,0.0,0,0,0,0.0,4,8,forward,right,1992-08-04,Mississauga,ON,CAN,32
71,,Marlène Boissonnault,MTL,1,0,0,0,0,0,0,0,0,0,0,0,0,0,0,0,0,0.0,0,0,0,0.0,4,33,goalie,left,1997-06-19,Dundee,NB,CAN,27
72,rookie,Abby Boreen,MTL,1,0,0,0,1,0,0,0,0,3,0,0,0,0,0,0,0,0.0,0,0,0,0.0,4,24,forward,right,2000-04-03,Somerset,WI,USA,25
73,,Amanda Boulier,MTL,1,0,0,0,-2,0,0,0,0,2,0,0,0,0,0,0,0,0.0,0,0,0,0.0,4,44,defense,right,1993-03-30,Watertown,CT,USA,32
74,,Zoe Boyd,OTT,1,0,0,0,0,0,0,0,0,3,0,0,0,0,0,0,0,0.0,0,0,0,0.0,4,3,defense,left,2000-08-09,Caledon East,ON,CAN,24
75,,Natalie Buchbinder,MIN,1,0,0,0,-1,0,0,0,0,1,0,0,0,0,0,0,0,0.0,0,0,0,0.0,4,22,defense,right,1999-01-22,Fairport,NY,USA,26
76,,Kristen Campbell,TOR,1,0,0,0,0,0,0,0,0,0,0,0,0,0,0,0,0,0.0,0,0,0,0.0,4,50,goalie,left,1997-11-30,Brandon,MB,CAN,27
77,,Elaine Chuli,MTL,1,0,0,0,0,0,0,0,0,0,0,0,0,0,0,0,0,0.0,0,0,0,0.0,4,20,goalie,left,1994-05-16,Waterford,ON,CAN,30
79,,Jesse Compher,TOR,1,0,0,0,0,0,0,0,0,1,0,0,0,0,0,0,0,0.0,0,0,0,0.0,4,18,forward,right,1999-07-01,Northbrook,IL,USA,25
80,,Kendall Coyne Schofield,MIN,1,0,0,0,-1,0,0,0,0,3,0,0,0,0,0,0,0,0.0,0,0,0,0.0,4,26,forward,left,1992-05-25,Palos Heights,IL,USA,32
81,,Ann-Renée Desbiens,MTL,1,0,0,0,0,0,0,0,0,0,0,0,0,0,0,0,0,0.0,0,0,0,0.0,4,35,goalie,left,1994-04-10,Clermont,QC,CAN,30
82,,Jade Downie-Landry,NY,1,0,0,0,0,0,0,0,0,0,0,0,0,0,0,0,0,0.0,0,0,0,0.0,4,27,forward,left,1995-10-03,"Saint-Jean-sur-Richelieu,",,,29
83,,Jessie Eldridge,NY,1,0,0,0,-1,0,0,0,0,2,0,0,0,0,0,0,0,0.0,0,0,0,0.0,4,9,forward,right,1997-12-17,Barrie,ON,CAN,27
84,,Renata Fast,TOR,1,0,0,0,0,2,0,0,0,2,0,0,0,0,0,0,0,0.0,0,0,0,0.0,4,14,defense,right,1994-10-06,Burlington,ON,CAN,30
85,,Taylor Girard,BOS,1,0,0,0,-1,2,0,0,0,1,0,0,0,0,0,0,0,0.0,0,0,0,0.0,4,71,forward,left,1998-07-17,Macomb,MI,USA,26
86,,Emma Greco,BOS,1,0,0,0,-3,0,0,0,0,1,0,0,0,0,0,0,0,0.0,0,0,0,0.0,4,25,defense,left,1995-03-06,Burlington,ON,CAN,30
88,,Savannah Harmon,OTT,1,0,0,0,0,0,0,0,0,4,0,0,0,0,0,0,0,0.0,0,0,0,0.0,4,15,defense,left,1995-10-27,Downers Grove,IL,USA,29
89,,Nicole Hensley,MIN,1,0,0,0,0,0,0,0,0,0,0,0,0,0,0,0,0,0.0,0,0,0,0.0,4,29,goalie,left,1994-06-23,Lakewood,CO,USA,30
90,rookie,Taylor House,OTT,1,0,0,0,1,2,0,0,0,0,0,0,0,0,0,0,0,0.0,0,0,0,0.0,4,22,forward,left,1998-09-29,Joliet,IL,USA,26
91,,Samantha Isbell,OTT,1,0,0,0,1,0,0,0,0,3,0,0,0,0,0,0,0,0.0,0,0,0,0.0,4,5,defense,left,1998-02-17,Thunder Bay,ON,CAN,27
92,,Carly Jackson,TOR,1,0,0,0,0,0,0,0,0,0,0,0,0,0,0,0,0,0.0,0,0,0,0.0,4,70,goalie,left,1997-06-23,Amherst,NS,CAN,27
93,,Megan Keller,BOS,1,0,0,0,-1,2,0,0,0,2,0,0,0,0,0,0,0,0.0,0,0,0,0.0,4,5,defense,left,1996-05-01,Farmington,MI,USA,28
94,rookie,Raygan Kirk,TOR,1,0,0,0,0,0,0,0,0,0,0,0,0,0,0,0,0,0.0,0,0,0,0.0,4,1,goalie,left,2001-03-11,Ste. Anne,MB,CAN,24
96,,Jocelyne Larocque,TOR,1,0,0,0,0,0,0,0,0,1,0,0,0,0,0,0,0,0.0,0,0,0,0.0,4,23,defense,left,1988-05-19,Ste. Anne,MB,CAN,36
97,,Abigail Levy,NY,1,0,0,0,0,0,0,0,0,0,0,0,0,0,0,0,0,0.0,0,0,0,0.0,4,39,goalie,left,2000-04-02,Congers,NY,USA,25
98,,Emerance Maschmeyer,OTT,1,0,0,0,0,0,0,0,0,0,0,0,0,0,0,0,0,0.0,0,0,0,0.0,4,38,goalie,left,1994-10-05,Bruderheim,AB,CAN,30
99,rookie,Lucy Morgan,MIN,1,0,0,0,0,0,0,0,0,0,0,0,0,0,0,0,0,0.0,0,0,0,0.0,4,32,goalie,right,2001-08-18,Mandan,ND,USA,23
100,,Alina Müller,BOS,1,0,0,0,1,0,0,0,0,2,0,0,0,0,0,0,0,0.0,0,0,0,0.0,4,11,forward,left,1998-03-12,Winterthur,SWI,SWI,27
101,,Allie Munroe,TOR,1,0,0,0,-1,0,0,0,0,0,0,0,0,0,0,0,0,0.0,0,0,0,0.0,4,12,defense,left,1997-04-20,Yarmouth,NS,CAN,27
102,,Kristin O'Neill,MTL,1,0,0,0,2,2,0,0,0,0,0,0,0,0,0,0,0,0.0,0,0,0,0.0,4,43,forward,left,1998-03-30,Oakville,ON,CAN,27
103,rookie,Kayle Osborne,NY,1,0,0,0,0,0,0,0,0,0,0,0,0,0,0,0,0,0.0,0,0,0,0.0,4,82,goalie,left,2002-02-28,Westport,ON,CAN,23
105,,Amanda Pelkey,BOS,1,0,0,0,-1,2,0,0,0,1,0,0,0,0,0,0,0,0.0,0,0,0,0.0,4,16,forward,right,1993-05-29,Montpelier,VT,USA,31
106,rookie,Gwyneth Philips,OTT,1,0,0,0,0,0,0,0,0,0,0,0,0,0,0,0,0,0.0,0,0,0,0.0,4,33,goalie,right,2000-09-17,Athens,OH,USA,24
108,,Jincy Roese,OTT,1,0,0,0,-3,0,0,0,0,1,0,0,0,0,0,0,0,0.0,0,0,0,0.0,4,71,defense,left,1997-05-15,O'Fallon,MO,USA,27
109,,Maddie Rooney,MIN,1,0,0,0,0,0,0,0,0,0,0,0,0,0,0,0,0,0.0,0,0,0,0.0,4,35,goalie,left,1997-07-07,Andover,MN,USA,27
110,,Abby Roque,NY,1,0,0,0,0,2,0,0,0,3,0,0,0,0,0,0,0,0.0,0,0,0,0.0,4,11,forward,right,1997-09-25,Sault Ste. Marie,MI,USA,27
111,,Jill Saulnier,NY,1,0,0,0,0,0,0,0,0,2,0,0,0,0,0,0,0,0.0,0,0,0,0.0,4,44,forward,left,1992-03-07,Halifax,NS,CAN,33
112,,Corinne Schroeder,NY,1,0,0,0,0,0,0,0,0,0,0,0,0,0,0,0,0,0.0,0,0,0,0.0,4,30,goalie,left,1999-08-17,Elm Creek,MB,CAN,25
113,,Ella Shelton,NY,1,0,0,0,-1,2,0,0,0,0,0,0,0,0,0,0,0,0.0,0,0,0,0.0,4,17,defense,left,1998-01-19,Ingersoll,ON,CAN,27
114,rookie,Allyson Simpson,NY,1,0,0,0,-1,0,0,0,0,1,0,0,0,0,0,0,0,0.0,0,0,0,0.0,4,20,defense,right,2000-12-20,Frisco,TX,USA,24
115,,Natalie Snodgrass,OTT,1,0,0,0,1,2,0,0,0,0,0,0,0,0,0,0,0,0.0,0,0,0,0.0,4,8,forward,left,1998-12-17,Eagan,MN,USA,26
116,,Emma Söderberg,BOS,1,0,0,0,0,0,0,0,0,0,0,0,0,0,0,0,0,0.0,0,0,0,0.0,4,30,goalie,left,1998-02-18,Örksköldsvik,SWE,SWE,27
117,,Laura Stacey,MTL,1,0,0,0,-1,2,0,0,0,2,0,0,0,0,0,0,0,0.0,0,0,0,0.0,4,7,forward,right,1994-05-05,Kleinburg,ON,CAN,30
118,,Aneta Tejralová,OTT,1,0,0,0,1,0,0,0,0,1,0,0,0,0,0,0,0,0.0,0,0,0,0.0,4,2,defense,left,1996-01-04,Prague,CZE,CZE,29
119,,Claire Thompson,MIN,1,0,0,0,-1,0,0,0,0,2,0,0,0,0,0,0,0,0.0,0,0,0,0.0,4,42,defense,left,1998-01-28,Toronto,ON,CAN,27
120,,Emma Woods,TOR,1,0,0,0,0,0,0,0,0,2,0,0,0,0,0,0,0,0.0,0,0,0,0.0,4,67,forward,right,1995-12-18,Burford,ON,CAN,29
121,,Olivia Zafuto,NY,1,0,0,0,1,0,0,0,0,0,0,0,0,0,0,0,0,0.0,0,0,0,0.0,4,3,defense,left,1997-01-25,Niagara Falls,NY,USA,28
122,,Grace Zumwinkle,MIN,1,0,0,0,0,0,0,0,0,0,0,0,0,0,0,0,0,0.0,0,0,0,0.0,4,13,forward,right,1999-04-23,Excelsior,MN,USA,25
123,rookie,Jessica Adolfsson,OTT,2,0,0,0,0,4,0,0,0,2,0,0,0,0,0,0,0,0.0,0,0,0,0.0,4,9,defense,left,1998-07-15,Linköping,SWE,SWE,26
124,rookie,Charlotte Akervik,MIN,2,0,0,0,2,0,0,0,0,3,0,0,0,0,0,0,0,0.0,0,0,0,0.0,4,8,defense,right,2001-02-17,Eau Claire,WI,USA,24
125,,Chloe Aurard,NY,2,0,0,0,1,0,0,0,0,0,0,0,0,0,0,0,0,0.0,0,0,0,0.0,4,12,forward,left,1999-03-15,Villard-de-Lans,FRA,FRA,26
127,,Hannah Brandt,BOS,2,0,0,0,0,2,0,0,0,3,0,0,0,0,0,0,0,0.0,0,0,0,0.0,4,20,forward,right,1993-11-27,Vadnais Heights,MN,USA,31
128,,Emily Brown,BOS,2,0,0,0,0,2,0,0,0,1,0,0,0,0,0,0,0,0.0,0,0,0,0.0,4,2,defense,left,1998-12-30,Blaine,MN,USA,26
130,,Claire Butorac,MIN,2,0,0,0,-1,0,0,0,0,1,0,0,0,0,0,0,0,0.0,0,0,0,0.0,4,7,forward,right,1999-09-24,Andover,MN,USA,25
131,,Maggie Connors,TOR,2,0,0,0,-1,0,0,0,0,2,0,0,0,0,0,0,0,0.0,0,0,0,0.0,4,22,forward,left,2000-10-22,St. John's,NL,CAN,24
132,rookie,Izzy Daniel,TOR,2,0,0,0,-2,2,0,0,0,0,0,0,0,0,0,0,0,0.0,0,0,0,0.0,4,8,forward,right,2000-09-29,Minneapolis,MN,USA,24
133,,Catherine Daoust,MTL,2,0,0,0,0,0,0,0,0,0,0,0,0,0,0,0,0,0.0,0,0,0,0.0,4,4,defense,right,1995-02-21,L’Île-Bizard,QC,CAN,30
134,,Clair Degeorge,MTL,2,0,0,0,-1,0,0,0,0,2,0,0,0,0,0,0,0,0.0,0,0,0,0.0,4,26,forward,left,1999-06-07,Anchorage,AK,USA,25
135,,Jessica Digirolamo,BOS,2,0,0,0,-1,0,0,0,0,3,0,0,0,0,0,0,0,0.0,0,0,0,0.0,4,22,defense,left,1999-02-13,Mississauga,ON,CAN,26
136,,Maggie Flaherty,MIN,2,0,0,0,-2,2,0,0,0,3,0,0,0,0,0,0,0,0.0,0,0,0,0.0,4,19,defense,left,2000-06-02,Lakeville,MN,USA,24
137,,Loren Gabel,BOS,2,0,0,0,-3,0,0,0,0,4,0,0,0,0,0,0,0,0.0,0,0,0,0.0,4,36,forward,left,1997-07-24,Kitchener,ON,CAN,27
138,rookie,Julia Gosling,TOR,2,0,0,0,-2,0,0,0,0,3,0,0,0,0,0,0,0,0.0,0,0,0,0.0,4,88,forward,left,2001-02-21,London,ON,CAN,24
139,rookie,Dara Greig,MTL,2,0,0,0,0,2,0,0,0,4,0,0,0,0,0,0,0,0.0,0,0,0,0.0,4,17,forward,left,2000-12-30,Camden,NJ,USA,24
140,rookie,Klara Hymlarova,MIN,2,0,0,0,0,0,0,0,0,1,0,0,0,0,0,0,0,0.0,0,0,0,0.0,4,71,forward,left,1999-02-27,Opava,CZE,CZE,26
141,rookie,Laura Kluge,TOR,2,0,0,0,-1,2,0,0,0,5,0,0,0,0,0,0,0,0.0,0,0,0,0.0,4,25,forward,left,1996-11-06,Berlin,GER,GER,28
142,,Olivia Knowles,TOR,2,0,0,0,-2,0,0,0,0,3,0,0,0,0,0,0,0,0.0,0,0,0,0.0,4,7,defense,right,1999-01-24,Campbell River,BC,CAN,26
143,,Jessica Kondas,TOR,2,0,0,0,-1,0,0,0,0,1,0,0,0,0,0,0,0,0.0,0,0,0,0.0,4,2,defense,right,2000-01-03,Calgary,AB,CAN,25
144,rookie,Lina Ljungblom,MTL,2,0,0,0,-2,0,0,0,0,2,0,0,0,0,0,0,0,0.0,0,0,0,0.0,4,25,forward,left,2001-10-15,Skövde,SWE,SWE,23
145,rookie,Noemi Neubauerová,TOR,2,0,0,0,-1,0,0,0,0,2,0,0,0,0,0,0,0,0.0,0,0,0,0.0,4,61,forward,right,1999-12-15,Prague,CZE,CZE,25
147,rookie,Maja Nylen Persson,NY,2,0,0,0,1,0,0,0,0,2,0,0,0,0,0,0,0,0.0,0,0,0,0.0,4,8,defense,right,2000-11-20,Avesta,SWE,SWE,24
148,rookie,Kaitlyn O'Donohoe,MIN,2,0,0,0,-2,0,0,0,0,1,0,0,0,0,0,0,0,0.0,0,0,0,0.0,4,11,forward,right,2001-09-20,Atlanta,GA,USA,23
149,rookie,Daniela Pejsova,BOS,2,0,0,0,-1,0,0,0,0,4,0,0,0,0,0,0,0,0.0,0,0,0,0.0,4,55,defense,left,2002-08-14,Teplice,CZE,CZE,22
150,rookie,Klara Peslarova,BOS,2,0,0,0,0,0,0,0,0,0,0,0,0,0,0,0,0,0.0,0,0,0,0.0,4,29,goalie,left,1996-11-23,Ostrava,CZE,CZE,28
151,rookie,Anneke Rankila,TOR,2,0,0,0,-1,0,0,0,0,5,0,0,0,0,0,0,0,0.0,0,0,0,0.0,4,13,forward,right,1999-11-10,Lino Lakes,MN,USA,25
152,,Jamie Lee Rattray,BOS,2,0,0,0,0,0,0,0,0,9,0,0,0,0,0,0,0,0.0,0,0,0,0.0,4,47,forward,left,1992-09-30,Kanata,ON,CAN,32
153,rookie,Gabby Rosenthal,NY,2,0,0,0,3,2,0,0,0,3,0,0,0,0,0,0,0,0.0,0,0,0,0.0,4,15,forward,right,1999-09-13,Blaine,MN,USA,25
154,rookie,Ronja Savolainen,OTT,2,0,0,0,0,0,0,0,0,0,0,0,0,0,0,0,0,0.0,0,0,0,0.0,4,88,defense,left,1997-11-29,Helsinki,FIN,FIN,27
155,,Theresa Schafzahl,BOS,2,0,0,0,-2,0,0,0,0,4,0,0,0,0,0,0,0,0.0,0,0,0,0.0,4,37,forward,left,2000-04-12,Weiz,AUT,AUT,24
156,,Sophie Shirley,BOS,2,0,0,0,-1,0,0,0,0,3,0,0,0,0,0,0,0,0.0,0,0,0,0.0,4,9,forward,right,1999-06-30,Saskatoon,SK,CAN,25
157,,Susanna Tapani,BOS,2,0,0,0,-1,0,0,0,0,3,0,0,0,0,0,0,0,0.0,0,0,0,0.0,4,77,forward,left,1993-03-02,Turku,FIN,FIN,32
158,,Alexa Vasko,OTT,2,0,0,0,-1,0,0,0,0,2,0,0,0,0,0,0,0,0.0,0,0,0,0.0,4,10,forward,left,1999-02-07,St. Catharines,ON,CAN,26
159,,Daryl Watts,TOR,2,0,0,0,-2,2,0,0,0,3,0,0,0,0,0,0,0,0.0,0,0,0,0.0,4,9,forward,left,1999-05-15,Toronto,ON,CAN,25
160,rookie,Anna Wilgren,MTL,2,0,0,0,0,0,0,0,0,4,0,0,0,0,0,0,0,0.0,0,0,0,0.0,4,5,defense,left,1999-11-10,Hudson,WI,USA,25
1,,Hilary Knight,BOS,27,15,13,28,3,8,4,4,0,98,0,4,3,0,0,0,2,15.3,2,6,0,33.3,5,21,forward,right,1989-07-12,Sun Valley,ID,USA,35
2,rookie,Sarah Fillier,NY,27,12,15,27,9,35,4,4,0,95,0,0,2,2,0,1,1,12.6,0,4,0,0.0,5,10,forward,right,2000-06-09,Georgetown,ON,CAN,24
3,,Daryl Watts,TOR,27,11,15,26,-2,12,4,8,0,93,1,2,1,1,1,3,0,11.8,0,2,0,0.0,5,9,forward,left,1999-05-15,Toronto,ON,CAN,25
4,,Hannah Miller,TOR,26,10,14,24,13,4,4,9,0,55,0,1,2,1,0,1,0,18.2,0,2,0,0.0,5,34,forward,left,1996-02-16,North Vancouver,BC,CAN,29
5,,Marie-Philip Poulin,MTL,27,17,6,23,14,19,3,3,1,84,0,5,4,3,0,2,2,20.2,5,10,3,50.0,5,29,forward,left,1991-03-28,Beauceville,QC,CAN,34
6,,Kendall Coyne Schofield,MIN,27,10,12,22,11,4,0,1,0,75,0,2,3,1,1,1,0,13.3,0,0,0,0.0,5,26,forward,left,1992-05-25,Palos Heights,IL,USA,32
7,,Jessie Eldridge,NY,27,9,13,22,1,18,3,7,0,72,0,2,2,1,1,0,0,12.5,2,4,1,50.0,5,9,forward,right,1997-12-17,Barrie,ON,CAN,27
8,,Taylor Heise,MIN,26,8,13,21,2,4,2,5,0,65,0,2,2,0,1,0,0,12.3,2,6,1,33.3,5,27,forward,right,2000-03-17,Lake City,MN,USA,25
9,,Renata Fast,TOR,27,6,15,21,1,32,2,11,0,54,0,3,0,0,1,1,0,11.1,0,0,0,0.0,5,14,defense,right,1994-10-06,Burlington,ON,CAN,30
10,,Tereza Vanišová,OTT,27,15,5,20,-1,38,3,2,0,82,0,4,1,2,0,1,0,18.3,0,1,0,0.0,5,13,forward,left,1996-01-30,Strakonice,CZE,CZE,29
11,,Laura Stacey,MTL,24,10,10,20,10,4,4,0,0,101,0,3,2,1,2,1,1,9.9,1,5,0,20.0,5,7,forward,right,1994-05-05,Kleinburg,ON,CAN,30
12,,Alex Carpenter,NY,23,10,9,19,4,0,2,6,0,51,0,2,0,1,1,1,1,19.6,2,4,0,50.0,5,25,forward,left,1994-04-13,North Reading,MA,USA,30
13,,Alina Müller,BOS,26,7,12,19,1,8,2,2,2,51,0,0,4,1,0,2,1,13.7,2,3,1,66.7,5,11,forward,left,1998-03-12,Winterthur,SWI,SWI,27
14,,Sophie Jaques,MIN,22,5,14,19,9,8,1,1,0,66,0,1,1,0,0,0,0,7.6,0,1,0,0.0,5,16,defense,right,2000-10-16,Toronto,ON,CAN,24
15,,Susanna Tapani,BOS,27,11,7,18,0,10,2,3,0,52,0,2,3,1,1,3,0,21.2,3,6,2,50.0,5,77,forward,left,1993-03-02,Turku,FIN,FIN,32
16,,Claire Thompson,MIN,27,4,14,18,-1,8,1,5,0,46,0,0,0,1,0,1,0,8.7,1,3,1,33.3,5,42,defense,left,1998-01-28,Toronto,ON,CAN,27
17,,Michela Cava,MIN,27,9,8,17,11,8,3,1,0,49,0,0,3,2,0,0,2,18.4,0,1,0,0.0,5,86,forward,right,1994-03-26,Thunder Bay,ON,CAN,31
18,,Emily Clark,OTT,27,9,8,17,2,10,0,1,0,80,0,2,2,1,0,2,1,11.3,0,0,0,0.0,5,26,forward,left,1995-11-28,Saskatoon,SK,CAN,29
19,,Jesse Compher,TOR,27,9,8,17,1,10,3,5,0,66,0,1,4,1,0,1,0,13.6,0,1,0,0.0,5,18,forward,right,1999-07-01,Northbrook,IL,USA,25
20,,Abby Roque,NY,27,6,11,17,-8,6,2,5,0,72,0,0,1,0,0,0,0,8.3,0,3,0,0.0,5,11,forward,right,1997-09-25,Sault Ste. Marie,MI,USA,27
21,rookie,Jennifer Gardiner,MTL,27,4,12,16,9,2,2,3,0,50,0,1,0,0,0,0,0,8.0,0,1,0,0.0,5,12,forward,left,2001-09-18,Surrey,BC,CAN,23
22,,Gabbie Hughes,OTT,26,5,10,15,1,14,1,4,1,41,0,1,2,0,1,0,0,12.2,0,0,0,0.0,5,17,forward,left,1999-10-04,Lino Lakes,MN,USA,25
23,,Shiann Darkangelo,OTT,26,8,6,14,5,8,1,1,0,46,0,2,1,1,0,1,0,17.4,0,0,0,0.0,5,27,forward,left,1993-11-28,Brighton,MI,USA,31
24,,Ella Shelton,NY,21,7,7,14,-1,6,3,3,0,44,0,0,1,0,0,0,0,15.9,0,1,0,0.0,5,17,defense,left,1998-01-19,Ingersoll,ON,CAN,27
25,,Jincy Roese,OTT,24,3,11,14,-7,14,1,3,0,33,0,1,0,0,0,1,0,9.1,0,0,0,0.0,5,71,defense,left,1997-05-15,O'Fallon,MO,USA,27
26,rookie,Britta Curl-Salemme,MIN,25,7,6,13,1,20,0,2,0,59,0,2,1,0,1,0,0,11.9,2,5,0,40.0,5,77,forward,left,2000-03-20,Bismarck,ND,USA,25
27,rookie,Brooke McQuigge,MIN,26,7,6,13,-1,23,1,2,0,33,0,0,1,1,0,0,0,21.2,0,2,0,0.0,5,3,forward,left,2000-06-09,Bowmanville,ON,CAN,24
28,,Abby Boreen,MTL,27,6,7,13,-6,12,1,3,0,48,0,0,1,1,0,0,0,12.5,0,0,0,0.0,5,24,forward,right,2000-04-03,Somerset,WI,USA,25
29,,Sarah Nurse,TOR,18,5,8,13,-9,8,3,3,1,56,0,1,0,0,0,0,0,8.9,1,2,0,50.0,5,20,forward,left,1995-01-04,Hamilton,ON,CAN,30
30,,Brianne Jenner,OTT,25,5,8,13,-3,8,3,1,0,63,0,1,3,0,0,0,0,7.9,0,0,0,0.0,5,19,forward,right,1991-05-04,Oakville,ON,CAN,33
31,rookie,Cayla Barnes,MTL,27,2,11,13,-2,10,0,7,0,39,0,1,0,0,1,0,0,5.1,0,0,0,0.0,5,3,defense,right,1999-01-07,Corona,CA,USA,26
32,,Megan Keller,BOS,27,5,7,12,-4,14,0,4,0,45,0,1,0,2,0,1,1,11.1,0,0,0,0.0,5,5,defense,left,1996-05-01,Farmington,MI,USA,28
33,,Erin Ambrose,MTL,26,0,12,12,9,4,0,6,0,40,0,0,0,0,0,0,0,0.0,1,4,0,25.0,5,23,defense,right,1994-04-30,Keswick,ON,CAN,30
34,,Blayre Turnbull,TOR,27,5,6,11,2,18,1,2,0,75,0,1,1,1,0,3,0,6.7,0,0,0,0.0,5,40,forward,right,1993-07-15,Stellarton,NS,CAN,31
35,,Ronja Savolainen,OTT,25,2,9,11,12,18,1,0,0,43,2,0,1,0,0,1,0,4.7,0,0,0,0.0,5,88,defense,left,1997-11-29,Helsinki,FIN,FIN,27
36,rookie,Julia Gosling,TOR,27,4,6,10,6,6,4,3,0,48,0,1,1,0,0,0,0,8.3,1,1,0,100.0,5,88,forward,left,2001-02-21,London,ON,CAN,24
37,,Kelly Pannek,MIN,27,3,7,10,0,12,1,0,0,48,0,0,0,0,0,0,0,6.3,0,0,0,0.0,5,12,forward,right,1995-12-29,Plymouth,MN,USA,29
38,,Aneta Tejralová,OTT,27,1,9,10,5,18,0,3,0,21,0,0,0,0,0,0,0,4.8,0,0,0,0.0,5,2,defense,left,1996-01-04,Prague,CZE,CZE,29
39,,Micah Zandee-Hart,NY,27,1,9,10,-3,12,1,3,0,54,0,1,0,0,0,0,0,1.9,0,0,0,0.0,5,28,defense,left,1997-01-13,Saanichton,BC,CAN,28
40,rookie,Hannah Bilka,BOS,13,4,5,9,-4,6,2,3,0,31,0,0,1,0,0,0,0,12.9,1,1,1,100.0,5,19,forward,left,2001-03-24,Coppell,TX,USA,24
41,,Emma Maltais,TOR,27,4,5,9,-4,14,1,2,0,36,0,0,1,2,0,2,2,11.1,0,0,0,0.0,5,27,forward,left,1999-11-04,Burlington,ON,CAN,25
42,,Claire Dalton,MTL,27,3,6,9,2,2,0,1,0,38,1,0,1,0,0,0,0,7.9,0,0,0,0.0,5,42,forward,right,2000-03-20,Toronto,ON,CAN,25
43,rookie,Shay Maloney,BOS,27,3,6,9,3,6,0,2,0,48,0,0,0,1,0,0,0,6.3,0,0,0,0.0,5,27,forward,right,1999-08-31,McHenry,IL,USA,25
44,,Hannah Brandt,BOS,27,1,8,9,2,14,0,0,0,26,0,1,0,0,0,0,0,3.8,1,2,0,50.0,5,20,forward,right,1993-11-27,Vadnais Heights,MN,USA,31
45,,Denisa Křížová,MIN,27,4,4,8,3,8,0,1,0,46,0,0,0,0,0,0,1,8.7,1,1,0,100.0,5,41,forward,left,1994-11-03,Horní Cerekev,CZE,CZE,30
46,rookie,Mannon McMahon,OTT,27,4,4,8,4,4,1,0,0,30,0,0,3,0,0,1,0,13.3,0,0,0,0.0,5,18,forward,right,2001-07-29,Maple Grove,MN,USA,23
47,rookie,Dominique Petrie,MIN,16,3,5,8,-1,2,1,1,0,26,0,1,0,0,0,0,0,11.5,0,0,0,0.0,5,14,forward,right,2001-01-21,Hermosa Beach,CA,USA,24
48,,Mikyla Grant-Mentis,MTL,27,3,5,8,3,16,0,0,0,34,0,1,1,0,0,0,0,8.8,0,3,0,0.0,5,18,forward,left,1998-07-15,Brampton,ON,CAN,26
49,rookie,Danielle Serdachny,OTT,27,2,6,8,-5,12,0,1,0,46,0,0,0,0,0,0,0,4.3,0,1,0,0.0,5,92,forward,right,2001-05-12,Edmonton,AB,CAN,23
50,,Grace Zumwinkle,MIN,19,4,3,7,-11,0,2,1,0,41,0,1,2,0,0,0,1,9.8,1,2,0,50.0,5,13,forward,right,1999-04-23,Excelsior,MN,USA,25
51,,Jamie Lee Rattray,BOS,27,4,3,7,0,6,0,0,0,36,0,0,1,1,0,1,0,11.1,0,0,0,0.0,5,47,forward,left,1992-09-30,Kanata,ON,CAN,32
52,,Kati Tabin,MTL,27,4,3,7,0,23,2,2,0,38,0,1,1,0,0,1,0,10.5,0,0,0,0.0,5,9,defense,left,1997-04-21,Winnipeg,MB,CAN,27
53,,Kali Flanagan,TOR,27,3,4,7,-2,6,0,0,0,44,0,0,0,2,0,2,2,6.8,0,0,0,0.0,5,6,defense,right,1995-09-19,Burlington,MA,USA,29
54,,Sidney Morin,BOS,27,3,4,7,2,8,0,1,0,47,0,1,0,0,1,0,0,6.4,0,0,0,0.0,5,7,defense,right,1995-06-06,Minnetonka,MN,USA,29
55,,Jaime Bourbonnais,NY,27,2,5,7,-4,14,1,1,0,50,0,0,0,1,0,0,0,4.0,0,0,0,0.0,5,14,defense,right,1998-09-09,Mississauga,ON,CAN,26
56,rookie,Izzy Daniel,TOR,27,2,5,7,-5,6,0,1,0,30,0,0,0,0,0,0,0,6.7,0,2,0,0.0,5,8,forward,right,2000-09-29,Minneapolis,MN,USA,24
57,rookie,Anna Wilgren,MTL,27,2,5,7,9,6,1,0,0,23,0,0,0,1,0,0,0,8.7,0,0,0,0.0,5,5,defense,left,1999-11-10,Hudson,WI,USA,25
58,,Jade Downie-Landry,NY,27,4,2,6,-2,18,1,0,1,44,0,2,1,1,0,2,1,9.1,0,0,0,0.0,5,27,forward,left,1995-10-03,"Saint-Jean-sur-Richelieu,",,,29
59,rookie,Lina Ljungblom,MTL,26,3,3,6,-1,6,0,0,0,43,0,0,1,1,0,0,0,7.0,0,1,0,0.0,5,25,forward,left,2001-10-15,Skövde,SWE,SWE,23
60,,Paetyn Levis,NY,27,3,3,6,0,6,0,0,0,34,0,1,1,0,0,1,0,8.8,0,0,0,0.0,5,19,forward,right,1999-11-06,Rogers,MN,USA,25
61,,Kateřina Mrázová,OTT,11,2,4,6,-3,6,0,1,0,13,0,0,0,1,0,0,0,15.4,0,2,0,0.0,5,16,forward,left,1992-10-19,Kolín,CZE,CZE,32
62,rookie,Maja Nylen Persson,NY,23,2,4,6,-1,2,1,1,0,26,0,1,0,0,1,0,0,7.7,0,0,0,0.0,5,8,defense,right,2000-11-20,Avesta,SWE,SWE,24
63,,Amanda Boulier,MTL,22,1,5,6,0,4,0,1,0,11,0,0,0,0,0,0,0,9.1,0,0,0,0.0,5,44,defense,right,1993-03-30,Watertown,CT,USA,32
64,,Mellissa Channell-Watkins,MIN,26,1,5,6,2,0,0,0,0,26,0,0,0,0,0,0,0,3.8,0,0,0,0.0,5,23,defense,left,1994-12-16,Plymouth,MI,USA,30
65,,Jocelyne Larocque,OTT,27,0,6,6,-4,12,0,1,0,25,0,0,0,0,0,0,0,0.0,0,0,0,0.0,5,23,defense,left,1988-05-19,Ste. Anne,MB,CAN,36
66,,Lee Stecklein,MIN,27,0,6,6,-5,6,0,1,0,29,0,0,0,0,0,0,0,0.0,0,0,0,0.0,5,2,defense,left,1994-04-23,Roseville,MN,USA,30
67,,Natalie Spooner,TOR,11,3,2,5,0,2,2,0,0,25,0,1,1,0,0,0,0,12.0,0,0,0,0.0,5,24,forward,right,1990-10-17,Scarborough,ON,CAN,34
68,,Catherine Dubois,MTL,21,3,2,5,-2,25,1,1,0,26,0,0,2,0,0,0,0,11.5,0,0,0,0.0,5,28,forward,left,1995-07-29,Charlesbourg,QC,CAN,29
69,,Amanda Pelkey,BOS,25,3,2,5,-3,10,1,1,0,27,0,0,0,0,0,1,0,11.1,0,0,0,0.0,5,16,forward,right,1993-05-29,Montpelier,VT,USA,31
70,,Jill Saulnier,BOS,21,2,3,5,-2,6,0,0,0,16,0,0,0,1,0,0,1,12.5,0,0,0,0.0,5,44,forward,left,1992-03-07,Halifax,NS,CAN,33
71,,Claire Butorac,MIN,26,2,3,5,-1,8,0,0,0,13,0,0,2,0,0,0,0,15.4,0,0,0,0.0,5,7,forward,right,1999-09-24,Andover,MN,USA,25
72,,Victoria Bach,OTT,27,2,3,5,2,6,0,1,0,35,0,0,1,0,0,0,0,5.7,0,0,0,0.0,5,12,forward,left,1996-07-12,Milton,ON,CAN,28
73,rookie,Stephanie Markowski,OTT,25,1,4,5,4,8,0,0,0,12,0,0,1,0,0,0,0,8.3,0,0,0,0.0,5,6,defense,right,2001-08-24,Edmonton,AB,CAN,23
74,,Lexie Adzija,BOS,26,1,4,5,-5,4,0,1,0,26,0,0,0,0,0,1,1,3.8,0,0,0,0.0,5,88,forward,left,2000-06-30,St. Thomas,ON,CAN,24
75,,Kristin O'Neill,MTL,27,1,4,5,-12,24,0,1,1,32,0,1,0,0,0,0,0,3.1,0,0,0,0.0,5,43,forward,left,1998-03-30,Oakville,ON,CAN,27
76,rookie,Elle Hartje,NY,24,0,5,5,-9,6,0,0,0,30,0,0,0,0,0,0,0,0.0,0,0,0,0.0,5,13,forward,left,2001-04-13,Detroit,MI,USA,23
77,,Sophie Shirley,BOS,25,0,5,5,2,29,0,1,0,24,0,0,0,0,0,0,0,0.0,0,0,0,0.0,5,9,forward,right,1999-06-30,Saskatoon,SK,CAN,25
78,,Savannah Harmon,TOR,27,0,5,5,-2,2,0,3,0,34,0,0,0,0,0,0,0,0.0,0,0,0,0.0,5,15,defense,left,1995-10-27,Downers Grove,IL,USA,29
79,,Maureen Murphy,MTL,25,3,1,4,-3,10,0,0,0,27,0,0,0,0,0,0,0,11.1,0,1,0,0.0,5,21,forward,right,1999-12-15,Buffalo,NY,USA,25
80,,Mariah Keopple,MTL,27,3,1,4,3,14,0,0,0,21,0,1,0,0,0,0,0,14.3,0,0,0,0.0,5,2,defense,right,2000-06-27,Menomonie,WI,USA,24
81,,Emma Woods,TOR,27,3,1,4,3,10,0,0,0,26,0,2,0,0,0,0,0,11.5,0,0,0,0.0,5,67,forward,right,1995-12-18,Burford,ON,CAN,29
82,,Alexa Vasko,OTT,21,2,2,4,7,6,0,0,1,18,0,1,0,0,0,0,0,11.1,0,0,0,0.0,5,10,forward,left,1999-02-07,St. Catharines,ON,CAN,26
83,,Liz Schepers,MIN,24,2,2,4,-1,0,0,0,0,28,0,1,1,1,0,0,0,7.1,0,0,0,0.0,5,21,forward,left,1999-02-13,Mound,MN,USA,26
84,,Elizabeth Giguère,NY,26,2,2,4,-4,4,0,1,0,34,0,0,1,0,0,1,0,5.9,0,1,0,0.0,5,18,forward,right,1997-05-08,Quebec City,QC,CAN,27
85,,Chloe Aurard,NY,27,2,2,4,-3,2,0,0,0,20,0,1,1,0,0,0,0,10.0,0,0,0,0.0,5,12,forward,left,1999-03-15,Villard-de-Lans,FRA,FRA,26
86,,Theresa Schafzahl,BOS,27,2,2,4,1,6,0,0,0,27,0,0,1,0,0,0,0,7.4,0,0,0,0.0,5,37,forward,left,2000-04-12,Weiz,AUT,AUT,24
87,,Alexandra Labelle,MTL,16,1,3,4,4,2,0,0,0,27,0,0,0,0,0,1,0,3.7,0,0,0,0.0,5,13,forward,left,1996-02-27,"Saint-Louis-de-Gonzague,",,,29
88,,Ashton Bell,OTT,24,1,3,4,0,0,0,0,0,18,0,0,0,0,0,0,0,5.6,0,0,0,0.0,5,21,defense,right,1999-12-07,Deloraine,MB,CAN,25
89,,Brooke Bryant,MIN,25,1,3,4,-1,6,0,0,0,11,0,0,0,0,0,0,0,9.1,0,0,0,0.0,5,17,forward,right,2000-08-22,Linden,CA,USA,24
90,,Emily Brown,BOS,26,1,3,4,4,14,0,0,0,23,0,1,0,0,0,0,0,4.3,0,0,0,0.0,5,2,defense,left,1998-12-30,Blaine,MN,USA,26
91,,Brooke Hobson,NY,26,1,3,4,-7,8,0,1,0,14,0,0,0,0,0,0,0,7.1,0,0,0,0.0,5,6,defense,left,1999-05-27,Prince Albert,SK,CAN,25
92,rookie,Gabby Rosenthal,NY,26,1,3,4,-3,6,0,1,0,29,0,0,0,0,0,0,0,3.4,0,0,0,0.0,5,15,forward,right,1999-09-13,Blaine,MN,USA,25
93,rookie,Allyson Simpson,NY,27,1,3,4,-10,12,0,0,0,39,0,0,0,0,0,0,0,2.6,0,0,0,0.0,5,20,defense,right,2000-12-20,Frisco,TX,USA,24
94,,Hayley Scamurra,TOR,22,1,2,3,-2,10,0,0,0,48,0,0,0,0,0,0,0,2.1,0,1,0,0.0,5,16,forward,left,1994-12-14,Buffalo,NY,USA,30
95,,Rebecca Leslie,OTT,24,1,2,3,-5,4,0,0,1,27,0,0,1,0,0,1,0,3.7,0,0,0,0.0,5,37,forward,right,1996-05-08,Ottawa,ON,CAN,28
96,rookie,Sydney Bard,BOS,25,1,2,3,-5,14,1,1,0,16,0,0,0,0,0,0,0,6.3,0,0,0,0.0,5,15,defense,right,2001-01-15,New Hartford,NY,USA,24
97,rookie,Lauren Bernard,NY,20,0,3,3,-2,2,0,0,0,4,0,0,0,0,0,0,0,0.0,0,0,0,0.0,5,16,defense,left,2001-07-15,Madison,OH,USA,23
98,,Zoe Boyd,OTT,21,0,3,3,1,25,0,0,0,16,1,0,0,0,0,0,0,0.0,0,0,0,0.0,5,3,defense,left,2000-08-09,Caledon East,ON,CAN,24
99,,Anna Kjellbin,TOR,22,0,3,3,-6,4,0,0,0,14,0,0,0,0,0,0,0,0.0,0,0,0,0.0,5,71,defense,right,1994-03-16,Göteberg,SWE,SWE,31
100,rookie,Mae Batherson,MIN,23,0,3,3,11,6,0,0,0,20,0,0,0,0,0,0,0,0.0,0,0,0,0.0,5,9,defense,left,2000-12-05,New Minas,NS,CAN,24
101,,Emma Greco,BOS,25,0,3,3,4,6,0,0,0,19,1,0,0,0,0,0,0,0.0,0,0,0,0.0,5,25,defense,left,1995-03-06,Burlington,ON,CAN,30
102,rookie,Daniela Pejsova,BOS,25,0,3,3,-2,6,0,0,0,15,0,0,0,0,0,0,0,0.0,0,0,0,0.0,5,55,defense,left,2002-08-14,Teplice,CZE,CZE,22
103,,Jessica Digirolamo,BOS,27,0,3,3,5,10,0,0,0,30,0,0,0,0,0,0,0,0.0,0,0,0,0.0,5,22,defense,left,1999-02-13,Mississauga,ON,CAN,26
104,,Loren Gabel,BOS,17,2,0,2,-3,2,1,0,0,13,0,0,0,0,0,0,0,15.4,0,1,0,0.0,5,36,forward,left,1997-07-24,Kitchener,ON,CAN,27
105,,Maggie Connors,TOR,27,2,0,2,-6,6,0,0,0,25,0,0,0,1,0,0,0,8.0,0,0,0,0.0,5,22,forward,left,2000-10-22,St. John's,NL,CAN,24
106,,Taylor House,OTT,15,1,1,2,-3,2,0,0,0,5,0,0,0,0,0,0,0,20.0,0,0,0,0.0,5,22,forward,left,1998-09-29,Joliet,IL,USA,26
107,rookie,Katy Knoll,MIN,18,1,1,2,-1,6,0,0,0,8,0,0,0,1,0,0,0,12.5,0,0,0,0.0,5,6,forward,right,2001-01-16,Amherst,NY,USA,24
108,,Maggie Flaherty,MIN,21,1,1,2,-4,12,0,0,0,27,0,1,0,0,0,1,0,3.7,0,0,0,0.0,5,19,defense,left,2000-06-02,Lakeville,MN,USA,24
109,,Natalie Snodgrass,OTT,21,1,1,2,-2,2,0,0,0,22,0,0,0,0,0,0,0,4.5,0,0,0,0.0,5,8,forward,left,1998-12-17,Eagan,MN,USA,26
110,,Anna Meixner,OTT,25,1,1,2,-4,4,0,1,0,24,0,0,1,0,0,0,0,4.2,0,0,0,0.0,5,94,forward,left,1994-06-16,Zell Am See,AUT,AUT,30
111,,Allie Munroe,TOR,27,1,1,2,-1,8,0,0,0,16,0,1,0,0,0,0,0,6.3,0,0,0,0.0,5,12,defense,left,1997-04-20,Yarmouth,NS,CAN,27
112,,Noora Tulus,NY,27,1,1,2,-11,6,0,0,0,34,0,0,1,0,0,0,0,2.9,1,4,0,25.0,5,40,forward,right,1995-08-15,Vantaa,FIN,FIN,29
113,,Jillian Dempsey,BOS,9,0,2,2,3,0,0,0,0,4,0,0,0,0,0,0,0,0.0,0,0,0,0.0,5,14,forward,left,1991-01-19,Winthrop,MA,USA,34
114,,Laura Kluge,TOR,10,0,2,2,0,2,0,0,0,5,0,0,0,0,0,0,0,0.0,0,0,0,0.0,5,25,forward,left,1996-11-06,Berlin,GER,GER,28
115,,Taylor Girard,NY,20,0,2,2,-1,12,0,1,0,15,0,0,0,0,0,0,0,0.0,0,0,0,0.0,5,71,forward,left,1998-07-17,Macomb,MI,USA,26
116,rookie,Rylind MacKinnon,TOR,22,0,2,2,-1,27,0,0,0,15,1,0,0,0,0,0,0,0.0,0,0,0,0.0,5,55,defense,left,2000-03-05,Cranbrook,BC,CAN,25
117,,Clair Degeorge,MTL,26,0,2,2,4,4,0,0,0,12,0,0,0,0,0,0,0,0.0,0,0,0,0.0,5,26,forward,left,1999-06-07,Anchorage,AK,USA,25
118,rookie,Dara Greig,MTL,26,0,2,2,-1,12,0,0,0,11,0,0,0,0,0,0,0,0.0,0,0,0,0.0,5,17,forward,left,2000-12-30,Camden,NJ,USA,24
119,,Jessica Kondas,TOR,1,1,0,1,1,0,0,0,0,1,0,0,0,0,0,0,0,100.0,0,0,0,0.0,5,2,defense,right,2000-01-03,Calgary,AB,CAN,25
120,rookie,Emmy Fecteau,NY,27,1,0,1,-9,6,0,0,0,26,0,0,0,0,0,0,0,3.8,0,0,0,0.0,5,29,forward,left,1999-04-07,Saint-Odilon-de-Cranbourn,,,26
121,rookie,Kayle Osborne,NY,9,0,1,1,0,0,0,1,0,0,0,0,0,0,0,0,0,0.0,0,0,0,0.0,5,82,goalie,left,2002-02-28,Westport,ON,CAN,23
122,,Natalie Buchbinder,MIN,16,0,1,1,-3,2,0,0,0,15,0,0,0,0,0,0,0,0.0,0,0,0,0.0,5,22,defense,right,1999-01-22,Fairport,NY,USA,26
123,rookie,Megan Carter,TOR,16,0,1,1,3,8,0,0,0,15,0,0,0,0,0,0,0,0.0,0,0,0,0.0,5,23,defense,left,2001-05-23,Milton,ON,CAN,23
124,,Emerance Maschmeyer,OTT,18,0,1,1,0,0,0,0,0,0,0,0,0,0,0,0,0,0.0,0,0,0,0.0,5,38,goalie,left,1994-10-05,Bruderheim,AB,CAN,30
125,rookie,Klara Hymlarova,MIN,26,0,1,1,0,4,0,1,0,15,0,0,0,0,0,0,0,0.0,0,0,0,0.0,5,71,forward,left,1999-02-27,Opava,CZE,CZE,26
126,,Jessica Adolfsson,OTT,1,0,0,0,0,0,0,0,0,0,0,0,0,0,0,0,0,0.0,0,0,0,0.0,5,9,defense,left,1998-07-15,Linköping,SWE,SWE,26
127,,Catherine Daoust,MTL,1,0,0,0,0,0,0,0,0,0,0,0,0,0,0,0,0,0.0,0,0,0,0.0,5,4,defense,right,1995-02-21,L’Île-Bizard,QC,CAN,30
128,rookie,Hadley Hartmetz,BOS,1,0,0,0,0,0,0,0,0,0,0,0,0,0,0,0,0,0.0,0,0,0,0.0,5,6,defense,right,2001-03-25,Phoenixville,PA,USA,24
129,,Abigail Levy,NY,1,0,0,0,0,0,0,0,0,0,0,0,0,0,0,0,0,0.0,0,0,0,0.0,5,39,goalie,left,2000-04-02,Congers,NY,USA,25
130,rookie,Lucy Morgan,OTT,1,0,0,0,0,0,0,0,0,0,0,0,0,0,0,0,0,0.0,0,0,0,0.0,5,32,goalie,right,2001-08-18,Mandan,ND,USA,23
131,,Klara Peslarova,BOS,1,0,0,0,0,0,0,0,0,0,0,0,0,0,0,0,0,0.0,0,0,0,0.0,5,29,goalie,left,1996-11-23,Ostrava,CZE,CZE,28
132,rookie,Charlotte Akervik,MIN,2,0,0,0,-1,0,0,0,0,0,0,0,0,0,0,0,0,0.0,0,0,0,0.0,5,8,defense,right,2001-02-17,Eau Claire,WI,USA,24
133,rookie,Kelly Ann Nadeau,MTL,2,0,0,0,0,0,0,0,0,1,0,0,0,0,0,0,0,0.0,0,0,0,0.0,5,51,defense,right,1998-03-30,Mont-Laurier,QC,CAN,27
135,,Gabrielle David,MTL,3,0,0,0,-1,0,0,0,0,2,0,0,0,0,0,0,0,0.0,0,0,0,0.0,5,8,forward,right,1999-06-22,Drummondville,QC,CAN,25
136,,Samantha Isbell,OTT,3,0,0,0,-1,2,0,0,0,4,0,0,0,0,0,0,0,0.0,0,0,0,0.0,5,5,defense,left,1998-02-17,Thunder Bay,ON,CAN,27
137,,Dominika Lásková,MTL,3,0,0,0,0,0,0,0,0,1,0,0,0,0,0,0,0,0.0,0,0,0,0.0,5,96,defense,right,1996-12-20,Prague,CZE,CZE,28
138,rookie,Anneke Rankila,TOR,3,0,0,0,-1,0,0,0,0,1,0,0,0,0,0,0,0,0.0,0,0,0,0.0,5,13,forward,right,1999-11-10,Lino Lakes,MN,USA,25
139,,Kelly Babstock,BOS,6,0,0,0,-1,9,0,0,0,4,0,0,0,0,0,0,0,0.0,0,0,0,0.0,5,8,forward,right,1992-08-04,Mississauga,ON,CAN,32
140,,Emma Söderberg,BOS,6,0,0,0,0,0,0,0,0,0,0,0,0,0,0,0,0,0.0,0,0,0,0.0,5,30,goalie,left,1998-02-18,Örksköldsvik,SWE,SWE,27
141,,Kayla Vespa,NY,8,0,0,0,-2,0,0,0,0,4,0,0,0,0,0,0,0,0.0,0,0,0,0.0,5,81,forward,left,1997-04-01,Hamilton,ON,CAN,28
142,,Nicole Hensley,MIN,9,0,0,0,0,0,0,0,0,0,0,0,0,0,0,0,0,0.0,0,0,0,0.0,5,29,goalie,left,1994-06-23,Lakewood,CO,USA,30
143,rookie,Kaitlyn O'Donohoe,MIN,9,0,0,0,-2,0,0,0,0,5,0,0,0,0,0,0,0,0.0,0,0,0,0.0,5,11,forward,right,2001-09-20,Atlanta,GA,USA,23
144,,Elaine Chuli,MTL,10,0,0,0,0,0,0,0,0,0,0,0,0,0,0,0,0,0.0,0,0,0,0.0,5,20,goalie,left,1994-05-16,Waterford,ON,CAN,30
145,rookie,Raygan Kirk,TOR,10,0,0,0,0,0,0,0,0,0,0,0,0,0,0,0,0,0.0,0,0,0,0.0,5,1,goalie,left,2001-03-11,Ste. Anne,MB,CAN,24
146,,Olivia Knowles,NY,11,0,0,0,1,0,0,0,0,0,0,0,0,0,0,0,0,0.0,0,0,0,0.0,5,7,defense,right,1999-01-24,Campbell River,BC,CAN,26
147,rookie,Gwyneth Philips,OTT,12,0,0,0,0,0,0,0,0,0,0,0,0,0,0,0,0,0.0,0,0,0,0.0,5,33,goalie,right,2000-09-17,Athens,OH,USA,24
148,,Maddie Rooney,MIN,18,0,0,0,0,0,0,0,0,0,0,0,0,0,0,0,0,0.0,0,0,0,0.0,5,35,goalie,left,1997-07-07,Andover,MN,USA,27
149,,Kristen Campbell,TOR,19,0,0,0,0,0,0,0,0,0,0,0,0,0,0,0,0,0.0,0,0,0,0.0,5,50,goalie,left,1997-11-30,Brandon,MB,CAN,27
150,,Ann-Renée Desbiens,MTL,19,0,0,0,0,6,0,0,0,0,0,0,0,0,0,0,0,0.0,0,0,0,0.0,5,35,goalie,left,1994-04-10,Clermont,QC,CAN,30
151,,Corinne Schroeder,NY,19,0,0,0,0,0,0,0,0,0,0,0,0,0,0,0,0,0.0,0,0,0,0.0,5,30,goalie,left,1999-08-17,Elm Creek,MB,CAN,25
152,rookie,Noemi Neubauerová,TOR,20,0,0,0,-5,4,0,0,0,5,0,0,0,0,0,0,0,0.0,0,0,0,0.0,5,61,forward,right,1999-12-15,Prague,CZE,CZE,25
153,,Aerin Frankel,BOS,22,0,0,0,0,0,0,0,0,0,0,0,0,0,0,0,0,0.0,0,0,0,0.0,5,31,goalie,left,1999-05-24,Chappaqua,NY,USA,25
154,,Kaitlin Willoughby,MTL,24,0,0,0,-4,0,0,0,0,7,0,0,0,0,0,0,0,0.0,0,0,0,0.0,5,19,forward,right,1995-03-26,Prince Albert,SK,CAN,30
