rank,status,name,team,games_played,goals,assists,points,plus/minus,penalty minutes,power play goals,power play assists,short handed goals,shots,short handed assists,game winning goals,first goals,insurance goals,overtime goals,unassisted goals,empty net,shooting percentage,shootout goals,shots in shootouts,shootoutwinning goals,shootout percentage,jersey number,position,shoots,date of birth,home town
1.0,rookie,Sarah Fillier,NY,10.0,5.0,6.0,11.0,5.0,2.0,2.0,0.0,0.0,30.0,0.0,0.0,1.0,1.0,0.0,0.0,0.0,16.7,0.0,2.0,0.0,0.0,10,forward,R,2000-06-09,"Georgetown, ON"
2.0,,Kendall Coyne Schofield,MIN,13.0,5.0,6.0,11.0,5.0,2.0,0.0,1.0,0.0,40.0,0.0,0.0,1.0,0.0,0.0,1.0,0.0,12.5,0.0,0.0,0.0,0.0,26,forward,L,1992-05-25,"Palos Heights, IL"
3.0,,Claire Thompson,MIN,13.0,1.0,10.0,11.0,2.0,4.0,0.0,4.0,0.0,15.0,0.0,0.0,0.0,1.0,0.0,0.0,0.0,6.7,0.0,1.0,0.0,0.0,42,defense,L,1998-01-28,"Toronto, ON"
4.0,,Alex Carpenter,NY,10.0,5.0,5.0,10.0,5.0,0.0,1.0,3.0,0.0,24.0,0.0,2.0,0.0,0.0,1.0,1.0,0.0,20.8,2.0,3.0,0.0,66.7,25,forward,L,1994-04-13,"North Reading, MA"
5.0,,Taylor Heise,MIN,12.0,2.0,8.0,10.0,-1.0,0.0,1.0,3.0,0.0,35.0,0.0,1.0,0.0,0.0,1.0,0.0,0.0,5.7,2.0,4.0,1.0,50.0,27,forward,R,2000-03-17,"Lake City, MN"
6.0,,Jessie Eldridge,NY,10.0,3.0,6.0,9.0,0.0,4.0,1.0,3.0,0.0,23.0,0.0,2.0,2.0,0.0,1.0,0.0,0.0,13.0,2.0,2.0,1.0,100.0,9,forward,R,1997-12-17,"Barrie, ON"
7.0,,Abby Boreen,MTL,11.0,5.0,3.0,8.0,0.0,4.0,1.0,2.0,0.0,23.0,0.0,0.0,1.0,1.0,0.0,0.0,0.0,21.7,0.0,0.0,0.0,0.0,24,forward,R,2000-04-03,"Somerset, WI"
8.0,,Hilary Knight,BOS,10.0,4.0,4.0,8.0,0.0,2.0,1.0,1.0,0.0,35.0,0.0,0.0,1.0,0.0,0.0,0.0,0.0,11.4,0.0,1.0,0.0,0.0,21,forward,R,1989-07-12,"Sun Valley, ID"
9.0,,Megan Keller,BOS,10.0,2.0,6.0,8.0,-2.0,10.0,0.0,4.0,0.0,19.0,0.0,1.0,0.0,1.0,0.0,1.0,0.0,10.5,0.0,0.0,0.0,0.0,5,defense,L,1996-05-01,"Farmington, MI"
10.0,,Renata Fast,TOR,10.0,0.0,8.0,8.0,-1.0,8.0,0.0,4.0,0.0,14.0,0.0,0.0,0.0,0.0,0.0,0.0,0.0,0.0,0.0,0.0,0.0,0.0,14,defense,R,1994-10-06,"Burlington, ON"
11.0,,Erin Ambrose,MTL,11.0,0.0,8.0,8.0,7.0,2.0,0.0,5.0,0.0,19.0,0.0,0.0,0.0,0.0,0.0,0.0,0.0,0.0,0.0,2.0,0.0,0.0,23,defense,R,1994-04-30,"Keswick, ON"
12.0,,Marie-Philip Poulin,MTL,11.0,5.0,2.0,7.0,2.0,6.0,1.0,1.0,1.0,33.0,0.0,3.0,1.0,1.0,0.0,2.0,1.0,15.2,2.0,3.0,1.0,66.7,29,forward,L,1991-03-28,"Beauceville, QC"
13.0,rookie,Britta Curl-Salemme,MIN,12.0,5.0,2.0,7.0,1.0,8.0,0.0,1.0,0.0,29.0,0.0,2.0,1.0,0.0,1.0,0.0,0.0,17.2,1.0,2.0,0.0,50.0,77,forward,L,2000-03-20,"Bismarck, ND"
14.0,,Hannah Miller,TOR,10.0,4.0,3.0,7.0,6.0,0.0,2.0,1.0,0.0,23.0,0.0,1.0,0.0,0.0,0.0,0.0,0.0,17.4,0.0,0.0,0.0,0.0,34,forward,L,1996-02-16,"North Vancouver, BC"
15.0,rookie,Hannah Bilka,BOS,10.0,3.0,4.0,7.0,-3.0,4.0,2.0,3.0,0.0,21.0,0.0,0.0,1.0,0.0,0.0,0.0,0.0,14.3,1.0,1.0,1.0,100.0,19,forward,L,2001-03-24,"Coppell, TX"
16.0,,Sarah Nurse,TOR,10.0,3.0,4.0,7.0,-2.0,2.0,1.0,1.0,1.0,27.0,0.0,0.0,0.0,0.0,0.0,0.0,0.0,11.1,0.0,0.0,0.0,0.0,20,forward,L,1995-01-04,"Hamilton, ON"
17.0,,Kelly Pannek,MIN,13.0,2.0,5.0,7.0,3.0,4.0,1.0,0.0,0.0,21.0,0.0,0.0,0.0,0.0,0.0,0.0,0.0,9.5,0.0,0.0,0.0,0.0,12,forward,R,1995-12-29,"Plymouth, MN"
18.0,,Micah Zandee-Hart,NY,10.0,1.0,6.0,7.0,1.0,8.0,1.0,3.0,0.0,20.0,0.0,1.0,0.0,0.0,0.0,0.0,0.0,5.0,0.0,0.0,0.0,0.0,28,defense,L,1997-01-13,"Saanichton, BC"
19.0,,Michela Cava,MIN,13.0,5.0,1.0,6.0,5.0,4.0,1.0,0.0,0.0,22.0,0.0,0.0,1.0,2.0,0.0,0.0,1.0,22.7,0.0,1.0,0.0,0.0,86,forward,R,1994-03-26,"Thunder Bay, ON"
20.0,,Claire Dalton,MTL,11.0,3.0,3.0,6.0,5.0,2.0,0.0,0.0,0.0,17.0,1.0,0.0,1.0,0.0,0.0,0.0,0.0,17.6,0.0,0.0,0.0,0.0,42,forward,R,2000-03-20,"Toronto, ON"
21.0,,Tereza Vanišová,OTT,12.0,3.0,3.0,6.0,0.0,23.0,1.0,1.0,0.0,30.0,0.0,1.0,0.0,0.0,0.0,0.0,0.0,10.0,0.0,1.0,0.0,0.0,13,forward,L,1996-01-30,"Strakonice, CZE"
22.0,,Daryl Watts,TOR,10.0,2.0,4.0,6.0,-2.0,6.0,1.0,1.0,0.0,34.0,1.0,0.0,0.0,0.0,0.0,1.0,0.0,5.9,0.0,0.0,0.0,0.0,9,forward,L,1999-05-15,"Toronto, ON"
23.0,rookie,Jennifer Gardiner,MTL,11.0,2.0,4.0,6.0,1.0,2.0,2.0,1.0,0.0,24.0,0.0,0.0,0.0,0.0,0.0,0.0,0.0,8.3,0.0,0.0,0.0,0.0,12,forward,L,2001-09-18,"Surrey, BC"
24.0,,Mikyla Grant-Mentis,MTL,11.0,2.0,4.0,6.0,7.0,2.0,0.0,0.0,0.0,14.0,0.0,1.0,1.0,0.0,0.0,0.0,0.0,14.3,0.0,2.0,0.0,0.0,18,forward,L,1998-07-15,"Brampton, ON"
25.0,,Sophie Jaques,MIN,8.0,1.0,5.0,6.0,2.0,2.0,1.0,0.0,0.0,29.0,0.0,0.0,0.0,0.0,0.0,0.0,0.0,3.4,0.0,1.0,0.0,0.0,16,defense,R,2000-10-16,"Toronto, ON"
26.0,,Susanna Tapani,BOS,10.0,4.0,1.0,5.0,0.0,4.0,2.0,0.0,0.0,25.0,0.0,0.0,1.0,0.0,0.0,1.0,0.0,16.0,1.0,1.0,0.0,100.0,77,forward,L,1993-03-02,"Turku, FIN"
27.0,,Jesse Compher,TOR,10.0,3.0,2.0,5.0,0.0,4.0,0.0,1.0,0.0,32.0,0.0,0.0,1.0,0.0,0.0,1.0,0.0,9.4,0.0,0.0,0.0,0.0,18,forward,R,1999-07-01,"Northbrook, IL"
28.0,,Emily Clark,OTT,12.0,3.0,2.0,5.0,0.0,4.0,0.0,0.0,0.0,29.0,0.0,1.0,2.0,0.0,0.0,1.0,0.0,10.3,0.0,0.0,0.0,0.0,26,forward,L,1995-11-28,"Saskatoon, SK"
29.0,,Jincy Roese,OTT,9.0,2.0,3.0,5.0,1.0,0.0,1.0,0.0,0.0,11.0,0.0,1.0,0.0,0.0,0.0,1.0,0.0,18.2,0.0,0.0,0.0,0.0,71,defense,L,1997-05-15,"O'Fallon, MO"
30.0,,Abby Roque,NY,10.0,2.0,3.0,5.0,-7.0,0.0,1.0,2.0,0.0,26.0,0.0,0.0,0.0,0.0,0.0,0.0,0.0,7.7,0.0,1.0,0.0,0.0,11,forward,R,1997-09-25,"Sault Ste. Marie, MI"
31.0,rookie,Danielle Serdachny,OTT,12.0,2.0,3.0,5.0,2.0,6.0,0.0,0.0,0.0,19.0,0.0,0.0,0.0,0.0,0.0,0.0,0.0,10.5,0.0,1.0,0.0,0.0,92,forward,R,2001-05-12,"Edmonton, AB"
32.0,,Brianne Jenner,OTT,10.0,1.0,4.0,5.0,1.0,2.0,0.0,0.0,0.0,28.0,0.0,1.0,1.0,0.0,0.0,0.0,0.0,3.6,0.0,0.0,0.0,0.0,19,forward,R,1991-05-04,"Oakville, ON"
33.0,rookie,Cayla Barnes,MTL,11.0,1.0,4.0,5.0,-3.0,2.0,0.0,4.0,0.0,15.0,0.0,0.0,0.0,0.0,0.0,0.0,0.0,6.7,0.0,0.0,0.0,0.0,3,defense,R,1999-01-07,"Corona, CA"
34.0,,Shiann Darkangelo,OTT,12.0,4.0,0.0,4.0,4.0,4.0,0.0,0.0,0.0,17.0,0.0,1.0,0.0,0.0,0.0,1.0,0.0,23.5,0.0,0.0,0.0,0.0,27,forward,L,1993-11-28,"Brighton, MI"
35.0,,Grace Zumwinkle,MIN,7.0,3.0,1.0,4.0,-3.0,0.0,1.0,1.0,0.0,17.0,0.0,1.0,1.0,0.0,0.0,0.0,1.0,17.6,1.0,1.0,0.0,100.0,13,forward,R,1999-04-23,"Excelsior, MN"
36.0,,Laura Stacey,MTL,9.0,3.0,1.0,4.0,0.0,2.0,2.0,0.0,0.0,36.0,0.0,1.0,1.0,0.0,1.0,0.0,0.0,8.3,0.0,2.0,0.0,0.0,7,forward,R,1994-05-05,"Kleinburg, ON"
37.0,,Catherine Dubois,MTL,9.0,2.0,2.0,4.0,1.0,19.0,1.0,1.0,0.0,10.0,0.0,0.0,2.0,0.0,0.0,0.0,0.0,20.0,0.0,0.0,0.0,0.0,28,forward,L,1995-07-29,"Charlesbourg, QC"
38.0,rookie,Izzy Daniel,TOR,10.0,2.0,2.0,4.0,-2.0,4.0,0.0,1.0,0.0,16.0,0.0,0.0,0.0,0.0,0.0,0.0,0.0,12.5,0.0,0.0,0.0,0.0,8,forward,R,2000-09-29,"Minneapolis, MN"
39.0,,Victoria Bach,OTT,12.0,2.0,2.0,4.0,0.0,2.0,0.0,1.0,0.0,21.0,0.0,0.0,1.0,0.0,0.0,0.0,0.0,9.5,0.0,0.0,0.0,0.0,12,forward,L,1996-07-12,"Milton, ON"
40.0,,Kateřina Mrázová,OTT,7.0,1.0,3.0,4.0,-1.0,6.0,0.0,1.0,0.0,10.0,0.0,0.0,0.0,1.0,0.0,0.0,0.0,10.0,0.0,2.0,0.0,0.0,16,forward,L,1992-10-19,"Kolín, CZE"
41.0,,Alexandra Labelle,MTL,11.0,1.0,3.0,4.0,6.0,2.0,0.0,0.0,0.0,23.0,0.0,0.0,0.0,0.0,0.0,1.0,0.0,4.3,0.0,0.0,0.0,0.0,13,forward,L,1996-02-27,"Saint-Louis-de-Gonzague,"
42.0,,Kristin O'Neill,MTL,11.0,1.0,3.0,4.0,-6.0,6.0,0.0,1.0,1.0,16.0,0.0,1.0,0.0,0.0,0.0,0.0,0.0,6.3,0.0,0.0,0.0,0.0,43,forward,L,1998-03-30,"Oakville, ON"
43.0,,Mellissa Channell-Watkins,MIN,12.0,1.0,3.0,4.0,-3.0,0.0,0.0,0.0,0.0,15.0,0.0,0.0,0.0,0.0,0.0,0.0,0.0,6.7,0.0,0.0,0.0,0.0,23,defense,L,1994-12-16,"Plymouth, MI"
44.0,,Brooke Bryant,MIN,13.0,1.0,3.0,4.0,1.0,0.0,0.0,0.0,0.0,7.0,0.0,0.0,0.0,0.0,0.0,0.0,0.0,14.3,0.0,0.0,0.0,0.0,17,forward,R,2000-08-22,"Linden, CA"
45.0,rookie,Elle Hartje,NY,10.0,0.0,4.0,4.0,0.0,0.0,0.0,0.0,0.0,11.0,0.0,0.0,0.0,0.0,0.0,0.0,0.0,0.0,0.0,0.0,0.0,0.0,13,forward,L,2001-04-13,"Detroit, MI"
46.0,rookie,Dominique Petrie,MIN,4.0,3.0,0.0,3.0,2.0,0.0,1.0,0.0,0.0,12.0,0.0,1.0,0.0,0.0,0.0,0.0,0.0,25.0,0.0,0.0,0.0,0.0,14,forward,R,2001-01-21,"Hermosa Beach, CA"
47.0,rookie,Mannon McMahon,OTT,12.0,3.0,0.0,3.0,1.0,4.0,1.0,0.0,0.0,13.0,0.0,0.0,2.0,0.0,0.0,1.0,0.0,23.1,0.0,0.0,0.0,0.0,18,forward,R,2001-07-29,"Maple Grove, MN"
48.0,,Paetyn Levis,NY,10.0,2.0,1.0,3.0,-1.0,2.0,0.0,0.0,0.0,9.0,0.0,0.0,1.0,0.0,0.0,1.0,0.0,22.2,0.0,0.0,0.0,0.0,19,forward,R,1999-11-06,"Rogers, MN"
49.0,,Emma Maltais,TOR,10.0,2.0,1.0,3.0,0.0,4.0,0.0,0.0,0.0,15.0,0.0,0.0,0.0,2.0,0.0,1.0,2.0,13.3,0.0,0.0,0.0,0.0,27,forward,L,1999-11-04,"Burlington, ON"
50.0,,Sidney Morin,BOS,10.0,2.0,1.0,3.0,0.0,2.0,0.0,0.0,0.0,19.0,0.0,1.0,0.0,0.0,1.0,0.0,0.0,10.5,0.0,0.0,0.0,0.0,7,defense,R,1995-06-06,"Minnetonka, MN"
51.0,,Blayre Turnbull,TOR,10.0,2.0,1.0,3.0,0.0,4.0,1.0,0.0,0.0,28.0,0.0,1.0,1.0,0.0,0.0,1.0,0.0,7.1,0.0,0.0,0.0,0.0,40,forward,R,1993-07-15,"Stellarton, NS"
52.0,,Emma Woods,TOR,10.0,2.0,1.0,3.0,2.0,2.0,0.0,0.0,0.0,12.0,0.0,1.0,0.0,0.0,0.0,0.0,0.0,16.7,0.0,0.0,0.0,0.0,67,forward,R,1995-12-18,"Burford, ON"
53.0,,Claire Butorac,MIN,13.0,2.0,1.0,3.0,-2.0,6.0,0.0,0.0,0.0,9.0,0.0,0.0,2.0,0.0,0.0,0.0,0.0,22.2,0.0,0.0,0.0,0.0,7,forward,R,1999-09-24,"Andover, MN"
54.0,,Ella Shelton,NY,5.0,1.0,2.0,3.0,1.0,2.0,0.0,1.0,0.0,5.0,0.0,0.0,1.0,0.0,0.0,0.0,0.0,20.0,0.0,1.0,0.0,0.0,17,defense,L,1998-01-19,"Ingersoll, ON"
55.0,,Chloe Aurard,NY,10.0,1.0,2.0,3.0,1.0,0.0,0.0,0.0,0.0,7.0,0.0,0.0,0.0,0.0,0.0,0.0,0.0,14.3,0.0,0.0,0.0,0.0,12,forward,L,1999-03-15,"Villard-de-Lans, FRA"
56.0,,Hannah Brandt,BOS,10.0,1.0,2.0,3.0,1.0,4.0,0.0,0.0,0.0,9.0,0.0,1.0,0.0,0.0,0.0,0.0,0.0,11.1,1.0,1.0,0.0,100.0,20,forward,R,1993-11-27,"Vadnais Heights, MN"
57.0,rookie,Maja Nylen Persson,NY,10.0,1.0,2.0,3.0,4.0,0.0,0.0,1.0,0.0,8.0,0.0,0.0,0.0,0.0,0.0,0.0,0.0,12.5,0.0,0.0,0.0,0.0,8,defense,R,2000-10-31,"Skogsbo, SWE"
58.0,,Ronja Savolainen,OTT,10.0,1.0,2.0,3.0,5.0,10.0,0.0,0.0,0.0,17.0,0.0,0.0,1.0,0.0,0.0,1.0,0.0,5.9,0.0,0.0,0.0,0.0,88,defense,L,1997-11-29,"Helsinki, FIN"
59.0,,Aneta Tejralová,OTT,12.0,1.0,2.0,3.0,3.0,4.0,0.0,1.0,0.0,12.0,0.0,0.0,0.0,0.0,0.0,0.0,0.0,8.3,0.0,0.0,0.0,0.0,2,defense,L,1996-01-04,"Prague, CZE"
60.0,,Denisa Křížová,MIN,13.0,1.0,2.0,3.0,2.0,6.0,0.0,1.0,0.0,27.0,0.0,0.0,0.0,0.0,0.0,0.0,0.0,3.7,1.0,1.0,0.0,100.0,41,forward,L,1994-11-03,"Horní Cerekev, CZE"
61.0,rookie,Allyson Simpson,NY,10.0,0.0,3.0,3.0,-1.0,0.0,0.0,0.0,0.0,26.0,0.0,0.0,0.0,0.0,0.0,0.0,0.0,0.0,0.0,0.0,0.0,0.0,20,defense,R,2000-12-20,"Frisco, TX"
62.0,,Jocelyne Larocque,OTT,12.0,0.0,3.0,3.0,0.0,0.0,0.0,0.0,0.0,11.0,0.0,0.0,0.0,0.0,0.0,0.0,0.0,0.0,0.0,0.0,0.0,0.0,23,defense,L,1988-05-19,"Ste. Anne, MB"
63.0,rookie,Stephanie Markowski,OTT,12.0,0.0,3.0,3.0,2.0,2.0,0.0,0.0,0.0,6.0,0.0,0.0,0.0,0.0,0.0,0.0,0.0,0.0,0.0,0.0,0.0,0.0,6,defense,R,2001-08-24,"Edmonton, AB"
64.0,rookie,Brooke McQuigge,MIN,12.0,2.0,0.0,2.0,-2.0,0.0,1.0,0.0,0.0,11.0,0.0,0.0,0.0,0.0,0.0,0.0,0.0,18.2,0.0,0.0,0.0,0.0,3,forward,L,2000-06-09,"Bowmanville, ON"
65.0,rookie,Sydney Bard,BOS,10.0,1.0,1.0,2.0,-5.0,6.0,1.0,1.0,0.0,7.0,0.0,0.0,0.0,0.0,0.0,0.0,0.0,14.3,0.0,0.0,0.0,0.0,15,defense,R,2001-01-15,"New Hartford, NY"
66.0,,Jaime Bourbonnais,NY,10.0,1.0,1.0,2.0,-2.0,4.0,1.0,0.0,0.0,17.0,0.0,0.0,0.0,1.0,0.0,0.0,0.0,5.9,0.0,0.0,0.0,0.0,14,defense,R,1998-09-09,"Mississauga, ON"
67.0,,Jade Downie-Landry,NY,10.0,1.0,1.0,2.0,1.0,4.0,0.0,0.0,1.0,20.0,0.0,0.0,0.0,1.0,0.0,1.0,1.0,5.0,0.0,0.0,0.0,0.0,27,forward,L,1995-10-03,"St-Jean-sur-Richelieu, QC"
68.0,,Kali Flanagan,TOR,10.0,1.0,1.0,2.0,-1.0,2.0,0.0,0.0,0.0,12.0,0.0,0.0,0.0,1.0,0.0,1.0,1.0,8.3,0.0,0.0,0.0,0.0,6,defense,R,1995-09-19,"Burlington, MA"
69.0,,Elizabeth Giguère,NY,10.0,1.0,1.0,2.0,2.0,4.0,0.0,1.0,0.0,16.0,0.0,0.0,0.0,0.0,0.0,0.0,0.0,6.3,0.0,1.0,0.0,0.0,18,forward,R,1997-05-08,"Quebec City, QC"
70.0,rookie,Shay Maloney,BOS,10.0,1.0,1.0,2.0,2.0,0.0,0.0,0.0,0.0,8.0,0.0,0.0,0.0,0.0,0.0,0.0,0.0,12.5,0.0,0.0,0.0,0.0,27,forward,R,1999-08-31,"McHenry, IL"
71.0,rookie,Gabby Rosenthal,NY,10.0,1.0,1.0,2.0,6.0,2.0,0.0,0.0,0.0,13.0,0.0,0.0,0.0,0.0,0.0,0.0,0.0,7.7,0.0,0.0,0.0,0.0,15,forward,R,1999-09-13,"Blaine, MN"
72.0,,Noora Tulus,NY,10.0,1.0,1.0,2.0,-5.0,6.0,0.0,0.0,0.0,16.0,0.0,0.0,1.0,0.0,0.0,0.0,0.0,6.3,1.0,2.0,0.0,50.0,40,forward,R,1995-08-15,"Vantaa, FIN"
73.0,,Mariah Keopple,MTL,11.0,1.0,1.0,2.0,2.0,2.0,0.0,0.0,0.0,12.0,0.0,0.0,0.0,0.0,0.0,0.0,0.0,8.3,0.0,0.0,0.0,0.0,2,defense,R,2000-06-27,"Menomonie, WI"
74.0,,Kati Tabin,MTL,11.0,1.0,1.0,2.0,2.0,4.0,1.0,1.0,0.0,19.0,0.0,1.0,0.0,0.0,0.0,0.0,0.0,5.3,0.0,0.0,0.0,0.0,9,defense,L,1997-04-21,"Winnipeg, MB"
75.0,rookie,Anna Wilgren,MTL,11.0,1.0,1.0,2.0,3.0,2.0,0.0,0.0,0.0,8.0,0.0,0.0,0.0,1.0,0.0,0.0,0.0,12.5,0.0,0.0,0.0,0.0,5,defense,L,1999-11-10,"Hudson, WI"
76.0,,Ashton Bell,OTT,12.0,1.0,1.0,2.0,-3.0,0.0,0.0,0.0,0.0,10.0,0.0,0.0,0.0,0.0,0.0,0.0,0.0,10.0,0.0,0.0,0.0,0.0,21,defense,R,1999-12-07,"Deloraine, MB"
77.0,,Zoe Boyd,OTT,8.0,0.0,2.0,2.0,1.0,6.0,0.0,0.0,0.0,2.0,0.0,0.0,0.0,0.0,0.0,0.0,0.0,0.0,0.0,0.0,0.0,0.0,3,defense,L,2000-08-09,"Caledon East, ON"
78.0,,Amanda Pelkey,BOS,8.0,0.0,2.0,2.0,-1.0,4.0,0.0,1.0,0.0,9.0,0.0,0.0,0.0,0.0,0.0,0.0,0.0,0.0,0.0,0.0,0.0,0.0,16,forward,R,1993-05-29,"Montpelier, VT"
79.0,rookie,Rylind MacKinnon,TOR,9.0,0.0,2.0,2.0,2.0,23.0,0.0,0.0,0.0,6.0,1.0,0.0,0.0,0.0,0.0,0.0,0.0,0.0,0.0,0.0,0.0,0.0,55,defense,L,2000-03-05,"Cranbrook, BC"
80.0,rookie,Daniela Pejsova,BOS,9.0,0.0,2.0,2.0,-2.0,2.0,0.0,0.0,0.0,7.0,0.0,0.0,0.0,0.0,0.0,0.0,0.0,0.0,0.0,0.0,0.0,0.0,55,defense,L,2002-08-14,"Teplice, CZE"
81.0,rookie,Julia Gosling,TOR,10.0,0.0,2.0,2.0,2.0,2.0,0.0,1.0,0.0,19.0,0.0,0.0,0.0,0.0,0.0,0.0,0.0,0.0,0.0,0.0,0.0,0.0,88,forward,L,2001-02-21,"London, ON"
82.0,rookie,Mae Batherson,MIN,11.0,0.0,2.0,2.0,5.0,6.0,0.0,0.0,0.0,11.0,0.0,0.0,0.0,0.0,0.0,0.0,0.0,0.0,0.0,0.0,0.0,0.0,9,defense,L,2000-12-05,"New Minas, NS"
83.0,,Gabbie Hughes,OTT,11.0,0.0,2.0,2.0,-2.0,8.0,0.0,0.0,0.0,12.0,0.0,0.0,0.0,0.0,0.0,0.0,0.0,0.0,0.0,0.0,0.0,0.0,17,forward,L,1999-10-04,"Lino Lakes, MN"
84.0,,Liz Schepers,MIN,13.0,0.0,2.0,2.0,-3.0,0.0,0.0,0.0,0.0,12.0,0.0,0.0,0.0,0.0,0.0,0.0,0.0,0.0,0.0,0.0,0.0,0.0,21,forward,L,1999-02-13,"Mound, MN"
85.0,,Lee Stecklein,MIN,13.0,0.0,2.0,2.0,-1.0,2.0,0.0,1.0,0.0,14.0,0.0,0.0,0.0,0.0,0.0,0.0,0.0,0.0,0.0,0.0,0.0,0.0,2,defense,L,1994-04-23,"Roseville, MN"
86.0,,Jessica Kondas,TOR,1.0,1.0,0.0,1.0,1.0,0.0,0.0,0.0,0.0,1.0,0.0,0.0,0.0,0.0,0.0,0.0,0.0,100.0,0.0,0.0,0.0,0.0,2,defense,R,2000-01-03,"Calgary, AB"
87.0,,Loren Gabel,BOS,7.0,1.0,0.0,1.0,-4.0,0.0,1.0,0.0,0.0,4.0,0.0,0.0,0.0,0.0,0.0,0.0,0.0,25.0,0.0,0.0,0.0,0.0,36,forward,L,1997-07-24,"Kitchener, ON"
88.0,,Maureen Murphy,MTL,9.0,1.0,0.0,1.0,-2.0,8.0,0.0,0.0,0.0,14.0,0.0,0.0,0.0,0.0,0.0,0.0,0.0,7.1,0.0,0.0,0.0,0.0,21,forward,R,1999-12-15,"Buffalo, NY"
89.0,,Maggie Connors,TOR,10.0,1.0,0.0,1.0,-3.0,2.0,0.0,0.0,0.0,9.0,0.0,0.0,0.0,0.0,0.0,0.0,0.0,11.1,0.0,0.0,0.0,0.0,22,forward,L,2000-10-22,"St. John's, NL"
90.0,rookie,Emmy Fecteau,NY,10.0,1.0,0.0,1.0,0.0,4.0,0.0,0.0,0.0,12.0,0.0,0.0,0.0,0.0,0.0,0.0,0.0,8.3,0.0,0.0,0.0,0.0,29,forward,L,1999-04-07,Saint-Odilon-de-Cranbourn
91.0,,Brooke Hobson,NY,10.0,1.0,0.0,1.0,-2.0,6.0,0.0,0.0,0.0,9.0,0.0,0.0,0.0,0.0,0.0,0.0,0.0,11.1,0.0,0.0,0.0,0.0,6,defense,L,1999-05-27,"Prince Albert, SK"
92.0,,Anna Meixner,OTT,10.0,1.0,0.0,1.0,2.0,0.0,0.0,0.0,0.0,12.0,0.0,0.0,1.0,0.0,0.0,0.0,0.0,8.3,0.0,0.0,0.0,0.0,94,forward,L,1994-06-16,"Zell Am See, AUT"
93.0,,Jamie Lee Rattray,BOS,10.0,1.0,0.0,1.0,-5.0,4.0,0.0,0.0,0.0,13.0,0.0,0.0,1.0,0.0,0.0,0.0,0.0,7.7,0.0,0.0,0.0,0.0,47,forward,L,1992-09-30,"Kanata, ON"
94.0,,Maggie Flaherty,MIN,11.0,1.0,0.0,1.0,-4.0,8.0,0.0,0.0,0.0,13.0,0.0,1.0,0.0,0.0,0.0,1.0,0.0,7.7,0.0,0.0,0.0,0.0,19,defense,L,2000-06-02,"Lakeville, MN"
95.0,rookie,Lina Ljungblom,MTL,11.0,1.0,0.0,1.0,-5.0,0.0,0.0,0.0,0.0,21.0,0.0,0.0,0.0,0.0,0.0,0.0,0.0,4.8,0.0,0.0,0.0,0.0,25,forward,L,2001-10-15,"Skövde, SWE"
96.0,,Amanda Boulier,MTL,6.0,0.0,1.0,1.0,-2.0,2.0,0.0,0.0,0.0,5.0,0.0,0.0,0.0,0.0,0.0,0.0,0.0,0.0,0.0,0.0,0.0,0.0,44,defense,R,1993-03-30,"Watertown, CT"
97.0,,Alexa Vasko,OTT,6.0,0.0,1.0,1.0,2.0,2.0,0.0,0.0,0.0,6.0,0.0,0.0,0.0,0.0,0.0,0.0,0.0,0.0,0.0,0.0,0.0,0.0,10,forward,L,1999-02-07,"St. Catharines, ON"
98.0,,Natalie Buchbinder,MIN,9.0,0.0,1.0,1.0,0.0,0.0,0.0,0.0,0.0,9.0,0.0,0.0,0.0,0.0,0.0,0.0,0.0,0.0,0.0,0.0,0.0,0.0,22,defense,R,1999-01-22,"Fairport, NY"
99.0,,Emma Greco,BOS,9.0,0.0,1.0,1.0,-2.0,4.0,0.0,0.0,0.0,8.0,0.0,0.0,0.0,0.0,0.0,0.0,0.0,0.0,0.0,0.0,0.0,0.0,25,defense,L,1995-03-06,"Burlington, ON"
100.0,,Alina Müller,BOS,9.0,0.0,1.0,1.0,-6.0,2.0,0.0,0.0,0.0,11.0,0.0,0.0,0.0,0.0,0.0,0.0,0.0,0.0,0.0,0.0,0.0,0.0,11,forward,L,1998-03-12,"Winterthur, SWI"
101.0,,Lexie Adzija,BOS,10.0,0.0,1.0,1.0,-6.0,0.0,0.0,1.0,0.0,13.0,0.0,0.0,0.0,0.0,0.0,0.0,0.0,0.0,0.0,0.0,0.0,0.0,88,forward,L,2000-06-30,"St. Thomas, ON"
102.0,rookie,Lauren Bernard,TOR,10.0,0.0,1.0,1.0,-1.0,2.0,0.0,0.0,0.0,3.0,0.0,0.0,0.0,0.0,0.0,0.0,0.0,0.0,0.0,0.0,0.0,0.0,19,defense,L,2001-07-15,"Madison, OH"
103.0,,Emily Brown,BOS,10.0,0.0,1.0,1.0,0.0,4.0,0.0,0.0,0.0,5.0,0.0,0.0,0.0,0.0,0.0,0.0,0.0,0.0,0.0,0.0,0.0,0.0,2,defense,L,1998-12-30,"Blaine, MN"
104.0,,Jessica Digirolamo,BOS,10.0,0.0,1.0,1.0,-1.0,4.0,0.0,0.0,0.0,13.0,0.0,0.0,0.0,0.0,0.0,0.0,0.0,0.0,0.0,0.0,0.0,0.0,22,defense,L,1999-02-13,"Mississauga, ON"
105.0,rookie,Dara Greig,MTL,10.0,0.0,1.0,1.0,-1.0,4.0,0.0,0.0,0.0,6.0,0.0,0.0,0.0,0.0,0.0,0.0,0.0,0.0,0.0,0.0,0.0,0.0,17,forward,L,2000-12-30,"Camden, NJ"
106.0,,Allie Munroe,TOR,10.0,0.0,1.0,1.0,0.0,2.0,0.0,0.0,0.0,10.0,0.0,0.0,0.0,0.0,0.0,0.0,0.0,0.0,0.0,0.0,0.0,0.0,12,defense,L,1997-04-20,"Yarmouth, NS"
107.0,,Theresa Schafzahl,BOS,10.0,0.0,1.0,1.0,0.0,0.0,0.0,0.0,0.0,13.0,0.0,0.0,0.0,0.0,0.0,0.0,0.0,0.0,0.0,0.0,0.0,0.0,37,forward,L,2000-04-12,"Weiz, AUT"
108.0,,Sophie Shirley,BOS,10.0,0.0,1.0,1.0,0.0,6.0,0.0,0.0,0.0,5.0,0.0,0.0,0.0,0.0,0.0,0.0,0.0,0.0,0.0,0.0,0.0,0.0,9,forward,R,1999-06-30,"Saskatoon, SK"
109.0,,Anna Kjellbin,MTL,11.0,0.0,1.0,1.0,-3.0,2.0,0.0,0.0,0.0,10.0,0.0,0.0,0.0,0.0,0.0,0.0,0.0,0.0,0.0,0.0,0.0,0.0,71,defense,R,1994-03-16,"Göteberg, SWE"
110.0,rookie,Klara Hymlarova,MIN,13.0,0.0,1.0,1.0,-2.0,0.0,0.0,1.0,0.0,10.0,0.0,0.0,0.0,0.0,0.0,0.0,0.0,0.0,0.0,0.0,0.0,0.0,71,forward,L,1999-02-27,"Opava, CZE"
111.0,,Jessica Adolfsson,OTT,1.0,0.0,0.0,0.0,0.0,0.0,0.0,0.0,0.0,0.0,0.0,0.0,0.0,0.0,0.0,0.0,0.0,0.0,0.0,0.0,0.0,0.0,9,defense,L,1998-07-15,"Linköping, SWE"
112.0,,Catherine Daoust,MTL,1.0,0.0,0.0,0.0,0.0,0.0,0.0,0.0,0.0,0.0,0.0,0.0,0.0,0.0,0.0,0.0,0.0,0.0,0.0,0.0,0.0,0.0,4,defense,R,1995-02-21,"Île Bizard, QC"
115.0,rookie,Charlotte Akervik,MIN,2.0,0.0,0.0,0.0,-1.0,0.0,0.0,0.0,0.0,0.0,0.0,0.0,0.0,0.0,0.0,0.0,0.0,0.0,0.0,0.0,0.0,0.0,8,defense,R,2001-02-17,"Eau Claire, WI"
118.0,,Kelly Babstock,BOS,3.0,0.0,0.0,0.0,-1.0,2.0,0.0,0.0,0.0,0.0,0.0,0.0,0.0,0.0,0.0,0.0,0.0,0.0,0.0,0.0,0.0,0.0,8,forward,R,1992-08-04,"Mississauga, ON"
119.0,,Taylor Baker,NY,3.0,0.0,0.0,0.0,-1.0,0.0,0.0,0.0,0.0,0.0,0.0,0.0,0.0,0.0,0.0,0.0,0.0,0.0,0.0,0.0,0.0,0.0,4,defense,R,1997-07-30,"Toronto, ON"
121.0,,Samantha Isbell,OTT,3.0,0.0,0.0,0.0,-1.0,2.0,0.0,0.0,0.0,4.0,0.0,0.0,0.0,0.0,0.0,0.0,0.0,0.0,0.0,0.0,0.0,0.0,5,defense,L,1998-02-17,"Thunder Bay, ON"
122.0,,Olivia Knowles,NY,3.0,0.0,0.0,0.0,0.0,0.0,0.0,0.0,0.0,0.0,0.0,0.0,0.0,0.0,0.0,0.0,0.0,0.0,0.0,0.0,0.0,0.0,7,defense,R,1999-01-24,"Campbell River, BC"
124.0,rookie,Anneke Rankila,TOR,3.0,0.0,0.0,0.0,-1.0,0.0,0.0,0.0,0.0,1.0,0.0,0.0,0.0,0.0,0.0,0.0,0.0,0.0,0.0,0.0,0.0,0.0,25,forward,R,1999-11-10,"Lino Lakes, MN"
127.0,,Kayla Vespa,NY,4.0,0.0,0.0,0.0,0.0,0.0,0.0,0.0,0.0,1.0,0.0,0.0,0.0,0.0,0.0,0.0,0.0,0.0,0.0,0.0,0.0,0.0,81,forward,L,1997-04-01,"Hamilton, ON"
128.0,,Taylor Girard,NY,5.0,0.0,0.0,0.0,0.0,6.0,0.0,0.0,0.0,0.0,0.0,0.0,0.0,0.0,0.0,0.0,0.0,0.0,0.0,0.0,0.0,0.0,71,forward,L,1998-07-17,"Macomb, MI"
129.0,,Taylor House,OTT,5.0,0.0,0.0,0.0,-2.0,2.0,0.0,0.0,0.0,0.0,0.0,0.0,0.0,0.0,0.0,0.0,0.0,0.0,0.0,0.0,0.0,0.0,22,forward,L,1998-09-29,"Joliet, IL"
130.0,,Jill Saulnier,BOS,5.0,0.0,0.0,0.0,-1.0,0.0,0.0,0.0,0.0,2.0,0.0,0.0,0.0,0.0,0.0,0.0,0.0,0.0,0.0,0.0,0.0,0.0,44,forward,L,1992-03-07,"Halifax, NS"
132.0,rookie,Kaitlyn O'Donohoe,MIN,7.0,0.0,0.0,0.0,-2.0,0.0,0.0,0.0,0.0,5.0,0.0,0.0,0.0,0.0,0.0,0.0,0.0,0.0,0.0,0.0,0.0,0.0,11,forward,R,2001-09-20,"Atlanta, GA"
135.0,rookie,Noemi Neubauerová,TOR,8.0,0.0,0.0,0.0,-2.0,2.0,0.0,0.0,0.0,3.0,0.0,0.0,0.0,0.0,0.0,0.0,0.0,0.0,0.0,0.0,0.0,0.0,61,forward,R,1999-12-15,"Prague, CZE"
139.0,,Kaitlin Willoughby,TOR,9.0,0.0,0.0,0.0,-3.0,0.0,0.0,0.0,0.0,1.0,0.0,0.0,0.0,0.0,0.0,0.0,0.0,0.0,0.0,0.0,0.0,0.0,28,forward,R,1995-03-26,"Prince Albert, SK"
140.0,,Savannah Harmon,TOR,10.0,0.0,0.0,0.0,-2.0,0.0,0.0,0.0,0.0,19.0,0.0,0.0,0.0,0.0,0.0,0.0,0.0,0.0,0.0,0.0,0.0,0.0,15,defense,L,1995-10-27,"Downers Grove, IL"
